,Unnamed: 0,TRACK_ID,FRAME,ID,track_id_unique,track_id_parent,pos_x,pos_y,dt1_n0_dx,dt1_n0_dy,dt2_n0_dx,dt2_n0_dy,dt4_n0_dx,dt4_n0_dy,dt8_n0_dx,dt8_n0_dy,dt12_n0_dx,dt12_n0_dy,dt16_n0_dx,dt16_n0_dy,track_id_unique_pred,track_id_parent_pred
0,0,6,0,10176,17,0,1653.5151201944034,1978.4890897566129,-8.288659123395972,13.381640440791898,-5.81397208982753,13.002878090047949,-2.252089293262088,16.007802027647585,0.0,0.0,0.0,0.0,0.0,0.0,1,0
1,1,4,0,7168,20,0,537.7486695441662,245.21678937841182,42.431573694772744,16.361820848334702,109.72141781633137,4.850112018295589,137.95047279707626,31.36697236574716,199.4811717205199,68.20091775267738,246.04714108506823,72.63022879022836,318.71786445437806,80.32486362821558,2,0
2,2,11,0,8450,3,0,1752.3231521136508,949.596557465258,3.6665296634316737,-5.696272606105367,14.729593634437606,11.747405381364839,80.51290596028866,112.38115782945957,68.82158276301857,332.3050767122732,-44.31712011520426,271.90569252202596,-106.2242901665727,371.74778869121286,3,0
3,3,2,0,10082,2,0,997.2195488458392,1906.9905815223096,-33.385254247015716,-8.395033509199038,-41.75094801840089,-9.160762819544516,-144.06510429910895,32.016985417784326,-134.21307629729515,132.0247110923849,0.0,0.0,0.0,0.0,4,0
4,4,5,0,8947,11,0,562.8415544030297,1266.459291885804,-11.598624027949429,-7.007565002136516,-12.769217965981513,-15.033521524049776,-46.444655885338754,-11.709301896333725,-77.0356808694566,-3.038634560480886,-94.17524022236671,46.64077772517544,-97.52738188010471,69.4724154680066,5,0
5,5,0,0,8213,14,0,1614.5050037164933,818.7948301178404,-7.9553768443845465,-12.404021639726352,-24.81182304267077,6.3491928757151745,-27.700944985904925,53.40060205036707,17.126951457687255,105.14849621441294,161.56828936738108,90.75020045621635,42.87073537678703,-43.21354664354953,6,0
6,6,3,0,10150,19,0,1875.9238675695187,1950.8322514721438,-36.71626554244404,27.370851893550025,-34.88093913230614,59.59985106100317,0.0,0.0,0.0,0.0,0.0,0.0,0.0,0.0,7,0
7,7,10,0,9880,9,0,2039.0152926146948,1775.0133125998443,0.0,1.0000075000561992,-27.944817954163,18.84957230414921,-38.773200281471645,43.27394294093165,-156.18138434640036,68.93242920013199,-397.8919265992438,191.16887267363472,-480.99036008095163,80.2348329063193,8,0
8,8,9,0,7500,18,0,455.0417915273681,439.3596061159093,-8.130932598608524,-35.35801546039197,-13.149566685068464,-58.328988736455706,-21.106172915604304,-76.0112242501587,-63.34540557009899,23.04815933481961,109.53384578611508,18.83154791090965,140.06206748229772,53.96450995295096,9,0
9,9,1,0,7853,1,0,386.58768326348803,629.326742751082,-10.219607922025602,-8.751219667207806,-10.089977124156576,-13.613441531863144,-16.40290928869632,-16.26572906456318,-25.72809358966493,-11.234576656527793,-24.77071376754145,-15.220242811743677,-16.45987201554982,-20.16972089304977,10,0
10,10,7,0,9598,6,0,438.9095684126569,1593.6649520428234,-6.665105722396959,7.741227350096325,-5.9815452936001074,13.693797885061256,-12.983311103638355,25.583093807381374,26.26586388044774,103.78687477940504,73.99251283859189,164.35369482970052,61.401471683569405,185.6939930551448,11,0
11,11,8,0,8158,10,0,995.9757482648724,788.0312750422353,5.033402368528186,6.7971354289969685,1.3488822677599046,22.214892781863114,21.17668457629645,39.704201632483546,46.384274618944566,89.85890076414749,58.77389464235807,0.02239317622036197,30.09460327477018,62.31092245204752,12,0
12,12,7,1,51169,6,0,512.9020812512488,1758.0186468725242,5.297149814390195,8.680479723721191,-3.147476322907437,11.42373651193816,-12.59104115502248,21.340298225444254,10.049425047781485,49.61634903384038,32.805049618941666,73.90941927345399,46.12044460646143,91.0121597289358,11,0
13,13,5,1,50386,11,0,468.666314180663,1313.1000696109793,-9.093586167610509,7.385809033720079,-5.7577922631443235,9.588163386092447,-3.3521416577380023,22.831637742831163,-6.7642931321227575,63.559759400085106,-15.003421748699452,169.45818269455071,0.0,0.0,5,0
14,14,9,1,48914,18,0,564.5756373134833,458.191154026819,21.320630890044185,-32.088518780278434,41.716581621041314,-36.06033034278693,30.52822169618264,35.1329620420413,54.379717333740814,-38.31624397240557,-128.09317551648525,-54.840937198907795,-127.56349013392986,15.694139768180378,9,0
15,15,1,1,49187,1,0,361.81696949594664,614.1064999393383,-0.4906598020504589,-4.5753050284331485,2.3192008147566985,-10.768036241010805,8.310841751991633,-4.949478081306097,7.781021364732792,15.157019512222405,-10.73088237366585,28.517699497930607,-44.2578249418317,33.66680627147343,10,0
16,16,4,1,48645,20,0,783.7958106292343,317.84701816864015,25.01596333836494,15.183831437943413,40.68413365288506,11.676724571717102,72.67072336930983,7.6946348379872225,119.87110022780394,-38.29767663041167,128.51500334912828,-87.01844200245267,136.97306127164825,-140.73724153942848,2,0
17,17,10,1,51479,9,0,1641.123366015451,1966.1821852734802,-48.780763872501666,10.76193936528989,-51.56381217497211,0.7370373626624769,-83.09843348170784,-110.93403976731544,66.13003337061195,-115.70643322233671,92.54836717699459,-50.86690987820635,0.0,0.0,8,0
18,18,12,1,51531,21,0,447.00335252514395,2039.0152926146948,-26.03479618430509,-63.4951046105657,-35.31787996667731,-75.76564257739005,-39.73845661698846,-102.20027645820505,-58.04675259313762,-102.74745944512621,-49.15023599632298,-132.5780948053723,-20.32214407820618,-183.0170922239904,13,0
19,19,0,1,49694,14,0,1776.0732930838744,909.5450305740567,-25.31058375485691,-38.69338828262835,-50.91634025772828,-84.20419296145178,-118.69755399059409,-133.96374709976592,-37.35544281576222,-183.66205690631332,4.566736110631837,-255.75515568257686,-26.906258979382528,-308.9885172366703,3,0
20,20,8,1,49503,10,0,1054.7496429072303,788.0536682184555,-11.667478678502905,-10.576122598872077,-6.26027068488679,46.48485915531046,-28.67929136758789,62.28852927582716,-26.15714459655078,-25.546708887350405,33.81192331622515,195.02078108648163,79.80353606602512,268.37849445605104,12,0
21,21,11,1,50207,3,0,1708.0060319984464,1221.502249987284,-24.68328076997023,-13.822658642831357,14.652738225449186,71.5676093054276,-61.90717005136844,99.8420961691868,-223.42856262396302,96.34202388473729,-379.0617199506073,92.77760232885383,-428.502983863553,284.84335909762444,6,0
22,22,8,2,86688,10,0,1088.5615662234554,983.0744493049373,47.38249313466167,52.71276314821943,30.43284596131889,75.9304977394836,45.99161274979997,73.35771336956941,53.5063203597108,61.47908524521927,55.02284622299066,42.206708627870505,54.7175137193085,42.107756023684495,12,0
23,23,11,2,87200,3,0,1328.9443120478393,1314.279852316138,-26.531769953351393,65.74262233894274,-6.7137262358312455,129.85573195552115,-49.44126391294572,192.0657567687706,-225.70230684901094,258.5397629357303,-262.86335514296024,446.4455247527849,-315.7377885205358,655.9543539273512,6,0
24,24,4,2,85380,20,0,912.3108139783627,230.8285761661876,-1.5572490039184004,-15.560661789751695,10.001759175280084,-32.44929514233863,8.45805792251997,-53.71879953697582,15.22352235119456,-93.27115361073031,-29.40288235142032,-111.40912117358364,-128.88605875886472,-152.61664894823645,2,0
25,25,13,2,88073,22,0,2039.0152926146948,1859.0139426045694,0.0,9.000067500506475,0.0,9.000067500506475,0.0,0.0,0.0,0.0,0.0,0.0,0.0,0.0,14,0
26,26,0,2,86129,14,0,1780.6400291945065,653.7898748914797,-21.41291454956581,-32.425724160839984,-37.914075793908296,-44.591393232230416,-31.472995090014358,-53.233361554093456,-3.036604181984785,-75.65294326763753,2.7327794466880286,-100.84111956485823,4.037656122497083,-104.03809041719272,3,0
27,27,12,2,88112,21,0,397.853116528821,1906.4371978093225,0.9820534696841604,-6.72425614685676,5.637294833883232,-18.25710812564921,28.828091918116797,-50.4389974186181,49.246237000362434,-118.2542341451092,83.21309332771955,-153.14981034126097,82.0261179518875,-154.24577153047403,13,0
28,28,7,2,88051,6,0,545.7071308701903,1831.9280661459784,3.9180174880173126,1.398299140300196,5.2137744849909495,7.359378057030426,13.315394987519767,17.102740455481804,54.66811881085846,48.19736346555669,77.47894201618772,53.8144019677086,89.70153178253906,57.37464359140722,11,0
29,29,5,2,87477,11,0,453.6628924319635,1482.55825230553,7.673819185494665,-25.95769913192544,14.833124159154579,-13.795849777260857,0.0,0.0,0.0,0.0,0.0,0.0,0.0,0.0,5,0
30,30,9,2,85718,18,0,436.4824617969979,403.3502168279112,-23.190832020838126,18.915525023173245,-36.374527962574355,63.61850182321661,0.5296853825553853,70.53507696708817,32.645495685523265,39.09848896900331,5.786773406407804,41.91217486897585,90.72640976027736,66.68462486619217,9,0
31,31,10,2,88118,9,0,1733.6717331924453,1915.3152753952731,44.833749695836325,31.640004812800044,45.826910907562244,91.6858790805402,0.0,0.0,0.0,0.0,0.0,0.0,0.0,0.0,8,0
32,32,1,2,86105,1,0,351.08608712228073,642.6241994372689,-13.898969550470953,-0.9584322400623932,-15.751989016154086,-0.7223143520232043,-33.52694256816585,5.149106773542826,-79.40864660319085,53.40434789456492,-111.864973003939,72.92677494710084,-130.3193871412858,89.18162573296179,10,0
33,33,11,3,134403,3,0,1066.080956904879,1760.7253770689224,-28.08346109585113,53.36082541332712,-27.57823794641172,99.20056500895909,-52.87443337757554,209.50882917456647,-39.45053916794427,229.43393581777215,66.6029277826035,223.07157014550808,-1.5299118362893296,226.63108495738084,6,0
34,34,4,3,131462,20,0,882.9079316269424,119.41945499260392,-41.2308294907142,-3.6143595534051656,-87.12724795352631,-13.252705066081305,-99.48317640744438,-41.207527774652796,-187.76727096434442,-32.61669999600372,-259.9032590918984,-119.41945499260392,0.0,0.0,2,0
35,35,1,3,132522,1,0,239.2211141183417,715.5509743843699,-19.423427055183453,1.80760317700674,-17.01743033822538,7.3593889341066205,-18.454414137346816,16.25485078586098,-19.391291580018844,13.793972831098586,-23.409138704800142,10.661299759154527,-33.71950606825874,-0.0453755530587614,10,0
36,36,15,3,134539,24,0,1523.4783672488406,1885.6480541665792,10.546797940995477,-10.3676118377507,30.180046998116488,-15.854380302884692,90.92229683518052,-33.96083559566386,207.18274531557086,-61.486860208566675,255.2951841514614,-86.09379493450001,289.5562477584632,-111.78020462722613,15,0
37,37,5,3,134024,12,11,402.69535932885765,1544.1871018381446,-12.727766313192037,28.41559614195603,-24.275120832056807,46.180511743801155,-32.27892099843024,52.784511348444994,0.04053417940036752,78.48742466337308,-40.01910431625299,119.31234998750051,-48.91953467216547,122.93408521449169,16,0
38,38,7,3,134537,6,0,623.1860728863783,1885.7424681136868,5.610019842739006,-1.0696036273814116,8.085083019672425,-1.1575093432657009,12.222589766351344,3.5602416236986296,18.450628080291494,15.875362858357219,25.2929818657542,6.754313311707393,28.06080941767232,7.737060855315575,11,0
39,39,9,3,132047,18,0,442.26923520340574,445.2623916968871,1.0670576419308304,15.075464040451891,26.060165147195505,27.945483183797197,84.93963635386956,24.77244999721632,72.21009563593555,11.261288778758512,31.71326687755141,-2.315598463569984,1.7441949786002624,3.3852027779990976,9,0
40,40,53,3,959550,27,0,11.50008998820416,41.500324740041094,3.000023475183692,3.0000234751836885,0.0,6.000046950367384,9.000070425551076,24.00018780146955,33.33061137504149,106.51226960011309,41.17422743753653,162.92528910651126,38.916455055321606,181.2531132403904,17,0
41,41,8,3,133043,10,0,1143.584412446446,1025.2811579328077,14.736524116394547,-14.553241187805725,31.270189946868182,-28.29526712307097,-0.3053325036821661,-0.09895260418602447,-12.07171074302346,23.94214152711447,19.666955024182247,17.053351403585566,-82.35570139075708,128.4674362546341,12,0
42,42,5,3,133681,13,11,513.1184331995614,1340.4878041863305,-1.255211736854676,-2.407757047803444,-5.12363315955065,-2.0461054338441045,-6.309354602290852,2.904406857442837,9.495689626710488,-67.87038682623142,75.75186640244442,-172.22546494742642,136.66176816163193,-244.1518897263802,18,0
43,43,12,3,134391,21,0,481.0662098565406,1753.2873874680615,-3.6290027877777793,0.7741966803796458,-2.1522789525046733,2.9377224365237002,-1.1869753758320485,-1.0959611892130852,1.4180327053265387,-2.808257998093495,-1.2009358595338997,-8.214952658309585,-11.602396316543373,23.44756836230181,13,0
44,44,14,3,134551,23,0,758.9670484058687,1906.243475995111,-2.744553098437564,-3.218447006819588,-2.468914725378795,-6.113743580184291,26.29245669607781,8.995512961495251,86.30371081079589,-3.700742805439632,117.39278237112673,-61.33273370591769,90.79234379158028,-65.53604623825322,19,0
45,45,0,3,132190,14,0,1783.3728086411945,552.9487553266217,4.832560799550947,-7.4201781377322495,10.694313801564704,-13.749203723142159,1.3048766758090549,-3.196970852334516,-20.578272844277762,13.844150282697912,-31.07234913805064,28.73414033254187,16.630346791215516,-25.51203504260161,3,0
46,46,53,4,164327,27,0,52.67431742574069,204.42561384655232,-0.4086061529691492,8.003182873364523,-2.74012035536336,11.324843308396735,-2.257772382214924,18.327824133879147,-0.4704495872669625,35.315960884852444,-4.647571120401516,40.85212114468115,-6.162747023525505,80.11084227166992,17,0
47,47,5,4,165895,13,11,588.8702996020057,1168.262339238904,21.65294488033885,-12.480773862179149,43.62083804820553,-29.08614204908895,60.909901759187505,-71.9264247789538,118.08757331370987,-156.85041309084875,118.89782896973655,-176.60860946951908,124.2014095582316,-208.36418018683517,18,0
48,48,7,4,167083,6,0,648.4790547521324,1892.496781425394,1.4782423239387301,-2.8468619312404826,0.8254736990267021,-1.1430375314930643,2.767827551918117,0.982747543608184,13.818140475173434,-19.553444120965647,23.202238381345747,-53.60153498165029,32.892853674290556,-56.01580527475244,11,0
49,49,11,4,167211,3,0,1132.6838846874825,1983.7969472144312,8.64300794871042,-2.584565740296512,-33.86391740436966,-3.3202403010686794,-68.13283961889283,3.55951481187276,-88.51484429130484,8.770882570176353,46.097249420862,17.42178022003441,147.09863884756487,-12.934876793048716,6,0
50,50,0,4,164936,14,0,1752.3004595031437,581.6828956591636,-1.1990981956359974,-5.5531996899240985,6.7198871300793135,-19.41070496952807,47.702695929266156,-54.24617537514348,9.504101817700985,-23.763263816602944,5.5832672602005005,-13.546015632713988,16.242072509314088,-33.13898874020231,3,0
51,51,9,4,164750,18,0,473.9825020809572,442.946793233317,-3.1229347153289377,0.06310068768198107,-10.492805037520439,3.0013523288333204,-29.969071898951146,5.700801241569081,-22.181731482152944,-7.338418700484228,-3.0532371142091392,-1.5705994475127911,-23.69719511383812,-1.7634566013694553,9,0
52,52,15,4,166959,24,0,1778.7735514003025,1799.5542592320792,13.604500054014352,-6.335154694464562,21.81422340342647,-12.399718159713302,34.26106360700169,-25.6864096927261,47.414986342149184,-45.09931520575083,43.88894989009532,-42.87327371216361,42.64503792039228,-50.31739476343454,15,0
53,53,4,4,164016,20,0,623.004672535044,0.0,0.0,0.0,0.0,0.0,0.0,0.0,0.0,0.0,0.0,0.0,0.0,0.0,2,0
54,54,1,4,165173,1,0,215.8119754135416,726.2122741435243,0.7000055305108788,1.1129469303192536,-10.310367363458596,-10.706675312213294,-10.310367363458596,-10.706675312213294,-10.310367363458596,-10.706675312213294,-10.310367363458596,-10.706675312213294,-20.310445614070943,-6.706644011968592,10,0
55,55,5,4,166746,12,11,362.6762550126048,1663.499451825645,-1.2635944865111242,4.5110256784034855,-11.41743269072549,2.203913283833572,-8.900430355912476,3.6217352269911767,9.324211847619438,-7.52369698208895,85.39224405349142,-4.351474027884707,131.61112554039926,3.5913783559490184,16,0
56,56,12,4,166874,21,0,479.8652739970067,1745.072434809752,1.0508002631736986,-1.9976213096690567,2.705122957444587,-3.0670351924436545,-10.401460457009476,31.6625210206114,-27.163776140795733,59.76751819469928,-34.7062901331513,102.2156387967027,-32.31923141035378,111.828227099644,13,0
57,57,8,4,165688,10,0,1163.2513674706286,1042.3345093363932,-12.446956412600914,25.04573300826064,-32.62585117559047,51.5581195222112,-102.02265641493929,111.41408485104851,-153.4685658773435,174.55897845717323,-153.09950591802476,172.79646121237946,-76.64262533180657,88.96645280226655,12,0
58,58,14,4,167032,23,0,876.3598307769958,1844.9107422891927,-5.296253495355813,-9.193805469022664,-13.08834213227692,-18.488695296081005,-26.600438579546452,-4.203312532335531,74.07770320790983,66.10802633496472,143.82150923403674,-25.59453030961504,161.144912093588,-120.0875236825882,19,0
59,59,53,5,202886,27,0,48.026746305339174,245.27773499123347,0.0768551791066372,4.5187957214080265,-3.4014417257288443,19.370950548958746,-1.515175903123989,39.258721126988775,-3.5803257691411616,47.40748880609644,-6.493554284105464,54.055920506946876,-15.526491990849152,42.22451471387049,17,0
60,60,7,5,205834,6,0,671.6812931334781,1838.8952464437439,4.015286984825025,-2.447618741679662,5.8237066103992,-5.796400219814359,9.690615292944813,-2.414270293102163,27.467342375513912,-1.0510271884240865,20.47600877148443,22.533923694686337,40.979998663321794,2.448308408459297,11,0
61,61,1,5,956263,1,0,205.501608050083,715.5055988313112,-8.000062600489827,-8.000062600489969,-8.000062600489827,-6.000046950367619,-10.000078250612347,4.0000313002447,-12.000093900734782,-4.000031300245041,-32.00025040195943,-8.000062600489969,-42.00032865257174,-6.000046950367619,10,0
62,62,8,5,204873,10,0,1010.1518615526036,1215.1309705487727,12.191151258164494,-11.429737452970354,26.787770372281784,-29.465765018779173,76.45688058621819,-83.83000841011291,86.70689036021076,-99.54824951680234,19.329160172630733,-29.496104660989204,16.81864981020249,-25.416782231394787,12,0
63,63,19,5,206025,32,0,1563.424612596384,1989.1733060873496,-16.606403017651473,-67.49175113786737,-3.400581437099163,-140.65997801099502,45.94492841708393,-192.55483270496242,54.07257088613983,-411.5452428156602,91.51884353374815,-467.57705121556137,193.3443598628867,-488.8846204701988,21,0
64,64,5,5,205582,12,11,448.0684990660962,1659.1479777977606,14.113026522982807,-5.531196462716935,10.220643107395688,11.263580399007425,46.218881486907826,7.942852383833723,43.357666019056396,41.8931786714486,46.52174294606226,52.37384028536736,46.97202366810074,71.79167441300388,16,0
65,65,15,5,205742,24,0,1822.6625012903976,1756.6809855199156,-23.84849227931341,14.030064392185068,-0.9014586363034596,-3.531587050018061,-1.2439119697030492,-7.44412105127094,24.878150178659553,-30.647219652259537,67.6325319896564,-60.68951079475754,115.401709828634,-109.56071363281626,15,0
66,66,12,5,205838,21,0,445.1589838638554,1847.2880736064544,-0.2763092004623786,3.666077748518319,1.476747440500958,6.539258740586092,2.38705872279752,9.612588302941276,8.69962404607412,-4.481302193594047,9.409287464002093,-18.48701457757716,6.714302599639383,-16.344610592636172,13,0
67,67,14,5,205804,23,0,1020.1813400110324,1819.3162119795786,2.3348034631551404,-15.362200860195346,31.706952392875905,-36.223035588393934,17.323402859551265,-94.49299337297316,-139.60635264457846,10.298130602698848,-137.53301029420584,89.94824570274295,-119.71436516168647,146.00296131526355,19,0
68,68,18,5,204723,31,0,0.0,1114.008355062663,0.0,0.0,0.0,0.0,0.0,0.0,0.0,0.0,0.0,0.0,0.0,0.0,20,0
69,69,0,5,203830,14,0,1757.8837267633442,568.1368800264497,1.961888792661284,-4.995124520348668,0.17531998977642616,-6.087571683313628,10.658805249113584,-19.59297310748832,42.51218954645356,-52.91641921043129,93.75165225833985,-118.95218163462255,118.11467559404923,-156.81821454331788,3,0
70,70,5,5,204533,13,11,707.7681285717424,991.6537297693848,-5.194774706104568,-9.151642945172512,0.61398485575819,-15.384855321127475,5.303580588495038,-31.755570717316004,-3.474754545503401,-46.786943813362655,-0.4051828759638738,-60.692800514420576,-0.5778457965859616,-71.35309364026784,18,0
71,71,11,5,206036,3,0,1178.7811341083445,2001.2187274344653,35.0571397026481,1.1657958245068585,56.095763584709175,-3.4174513411715,101.00138942670289,-30.35665701308312,270.1340168712468,-136.87282961176857,425.21735586715937,-183.36427512851242,480.73185158076853,-223.70481838812702,6,0
72,72,9,5,203647,18,0,470.92926496674795,441.3761937858043,-5.674750769352556,-4.4776229341922535,-8.731877091179285,6.699787206100893,-20.64395799962898,-0.19285715385666435,-10.911356921518973,-1.0262118960454245,-7.9312511087277375,-1.261460467913878,-34.834227823074684,-5.6499620048123225,9,0
73,73,53,6,241952,27,0,41.53319202123371,299.3336554981804,-1.2724661938487714,-2.455167855643026,-8.823905939900122,-3.953892733106727,-9.032937706743688,-11.831405793076383,-4.1820126534612,19.40098386222945,18.831835105033488,29.570845396508673,31.488687635289306,33.375213162647235,17,0
74,74,19,6,243973,32,0,1654.9434561301325,1521.5962548717882,42.48579392080956,-32.46060428001397,103.97870157583112,-13.587137445473218,101.82551632913851,-21.30756925463743,244.42477554173138,-116.38735784736356,300.81785533454985,-122.51086873474651,329.2657151331913,-143.52671938355206,6,0
75,75,7,6,244517,6,0,692.1573019049623,1861.4291701384304,2.574722365291564,-3.0497790366955537,9.345080182887044,-5.514139145673199,20.503989891837364,-20.08561528622704,0.0,0.0,0.0,0.0,0.0,0.0,11,0
76,76,11,6,244456,3,0,1603.9984899755038,1817.8544523059527,15.905010546629686,-12.033775593165275,45.514417462997024,-20.34038675838997,55.51449571360922,-40.34054325961461,73.51463656471151,-68.34076236132933,97.6297042026397,-130.8591860624631,107.6755239598715,-218.4970944833335,21,0
77,77,5,6,244302,12,11,494.5902420121585,1711.5218180831278,1.6691735137260366,4.944801275875761,6.598261014894263,6.5155667010069465,0.4502807220384853,19.417834127636524,33.78818993051391,33.787223252125614,68.29460260891743,51.43192809232892,64.37350195391343,59.86592126534015,16,0
78,78,48,6,959071,34,0,818.5064048126178,29.500230839306315,3.0000234751836388,0.0,6.000046950367504,3.0000234751837063,15.00011737591842,9.000070425551081,18.191071386831027,-6.122944766468543,19.683402010916442,-0.1536222701264478,30.129716379515003,-3.138283518297495,23,0
79,79,20,6,241713,33,0,315.86271481805665,171.65481976685854,-9.720859409552418,21.79681757145022,-25.10607305556283,34.194546021769554,-27.25653624795069,74.45443362586244,-43.08693780923983,133.82942224357143,-53.656356928566076,243.2612260094688,-49.16899847217064,283.68631134187285,24,0
80,80,12,6,244465,21,0,454.56827132785753,1828.8010590288773,-1.42090319655415,-2.04942947496761,0.07342530443077068,-1.1687758984940049,-2.694984864362709,2.142403984940984,1.584895729782204,45.066200910010366,6.061887602038894,33.12755591732639,20.98519384289426,24.173572172813238,13,0
81,81,0,6,242197,14,0,1851.635379021684,449.1846983918271,-6.3490377995617555,-0.7104226719409326,10.589338921223543,-21.97448732065061,24.363023335709386,-37.866032908695324,43.08182623866081,-53.84645992848118,-8.778950950588067,-14.151081933701732,0.0,0.0,3,0
82,82,15,6,244276,24,0,1890.295033280054,1695.991474725158,3.1928541827542176,-7.504368749940113,15.59690954741518,-21.819766861935925,47.76917783897761,-48.87120283805871,58.032109171526145,-83.00128214407823,65.73125898198418,-124.84838595324413,89.76067211288614,-174.1925098426384,15,0
83,83,14,6,244564,23,0,882.6483297168263,1909.2644576823209,5.517749837202132,16.859170712413516,6.3151783894066975,35.83858648383057,17.818645132519354,56.05471561252057,19.358435333911306,129.75083493237344,0.0,0.0,0.0,0.0,19,0
84,84,21,6,242010,35,0,2039.0152926146948,337.00252751895636,0.0,-2.000015000112456,0.0,0.0,0.0,0.0,0.0,0.0,0.0,0.0,0.0,0.0,22,0
85,85,9,6,242175,18,0,462.99801385802033,440.1147333178904,-0.18816000829281165,6.77856255552274,6.596009804954464,-2.8119899146652187,-26.90297671434695,-4.3885015368984455,-29.06314832869401,-7.184831695730907,-32.98974258643352,-9.269001115853657,-11.6066908235415,2.416729141495181,9,0
86,86,8,6,243390,10,0,1029.4810217252343,1185.6348658877835,-15.398195830779967,15.066802477049125,-15.067786062362185,21.68525293323205,-2.510510362428249,4.079322429594413,5.223273265013177,1.759600022345694,16.619805495270153,-30.71638988482437,30.83605175124989,-35.319490778940924,12,0
87,87,1,6,956339,1,0,173.5013576481236,707.5055362308211,-4.000031300244899,0.0,-8.000062600489857,0.0,-10.00007825061232,2.00001565012235,-46.00035995281658,-22.000172151346987,-46.00035995281658,-22.000172151346987,-46.00035995281658,-22.000172151346987,10,0
88,88,5,6,243004,13,11,707.3629456957785,930.9609292549644,-1.4953928896081834,-5.2167933158417545,-0.8692998512852909,-6.604049441224562,-0.17266292062208774,-10.660293125847259,1.654873754295295,-44.57558373805442,-0.04722202475363702,-60.04385960926164,22.03694074356121,-93.3300030938318,18,0
89,89,11,7,279590,3,0,1701.6281941781435,1686.9952662434894,4.1809871218674735,-14.236611635173633,10.634099950876816,-39.687403099011824,10.045819757231813,-87.63790842087042,4.339164434810982,-186.92276840477462,-9.779334154026856,-236.78335526974888,-13.614054470654994,-288.96782693220484,21,0
90,90,7,7,279654,8,6,694.7087524613556,1734.5248446061664,-8.836575927367676,-5.804644171514838,-18.093477055841504,-11.334764074195617,-37.23797203466097,-32.31150871349496,-71.51129263467556,-78.60425682114578,-89.59848573788406,-108.20367671699181,-93.5676614701789,-112.53497417966604,25,0
91,91,20,7,277442,33,0,262.2063578894905,414.9160457763273,-7.774032046901027,25.331018807803268,-3.975071407813061,25.84609446725653,4.487358456395441,40.425085332404144,27.07511591814199,57.367627938647956,-5.025308990911753,74.75402037820373,-39.92814777860815,95.43989098491022,24,0
92,92,5,7,279693,12,11,562.8848446210759,1762.953746175457,2.8874930084066364,3.290005648592341,5.361662407430458,8.553409866261063,-3.921100655004012,8.433993173011231,-6.254900752222966,39.26628067487468,13.3766037251861,64.13412227527715,48.619940403866956,86.56072627529034,16,0
93,93,0,7,277485,14,0,1842.856428071096,435.0336164581253,-7.424138522356997,3.25231255225566,-2.9209985555119147,-0.23622744368583426,0.0,0.0,0.0,0.0,0.0,0.0,0.0,0.0,3,0
94,94,48,7,957376,34,0,838.1898068235341,29.346608569179875,0.0,0.0,10.446314368598564,-2.984661248171048,10.446314368598564,-2.984661248171048,22.384959361282764,-2.984661248171048,19.400298113111717,-1.4923306240855183,32.831273729881445,17.9079674890263,23,0
95,95,9,7,277483,18,0,430.00827127158686,430.8457322020368,4.615109422946716,16.04478910416975,3.2030033675957834,-5.5982577422840345,21.383051762892023,11.685730257348835,45.0795354681635,7.839177463994247,51.533519561082755,14.588898549733301,50.65430828900254,0.17623510379570462,9,0
96,96,12,7,958241,21,0,460.63015892989637,1861.9286149462039,8.394126036093839,-8.06530211244808,14.923306240855368,-5.969322496342556,14.923306240855368,-8.953983744513152,13.430975616769727,-17.907967489026078,14.873561886719015,-24.41423639619188,15.895397190136919,-27.31435750728975,13,0
97,97,1,7,956415,1,0,127.500997695307,685.505364079474,0.0,0.0,0.0,0.0,0.0,0.0,0.0,0.0,-10.00007825061232,10.000078250612091,-10.00007825061232,14.000109550857134,10,0
98,98,8,7,278679,10,0,1046.1008272205042,1154.918476002959,6.334252357217567,-5.376315820114313,5.051104714678559,-0.20328051302794847,14.21624625597974,-4.603100894116551,42.52211901795727,-35.834269912440725,69.07271765968562,-62.94505104553127,88.79630925825087,-85.61036425065845,12,0
99,99,5,7,278192,13,11,707.3157236710249,870.9170696457028,-8.810853313069629,31.41997636653639,-2.426113059115778,22.00640958710904,22.084162768314854,-33.286143484570175,10.897058107992734,-32.36105749831198,23.843499440889783,-42.819036382141796,26.06198221860711,-62.82177785732267,18,0
100,100,53,7,277329,27,0,60.36502712626722,328.90450089468897,2.834987578113733,-1.2143923292991303,10.73018763413578,4.640957820576034,12.656852530255813,3.8043677661385686,17.548310771334677,12.205127006028247,27.99348105059029,16.064805874399497,73.29535311598025,49.40182173958493,17,0
101,101,19,7,279091,32,0,1955.7613114646826,1399.0853861370417,2.8399430715073777,-4.934685341089106,3.6093503628978847,-4.943734802014888,28.447859798641506,-21.015850648805554,83.25398115001258,-50.075268561159646,83.25398115001258,-49.07526106110345,0.0,0.0,6,0
102,102,15,7,279422,24,0,1956.0262922620386,1571.143088771914,5.742466648413711,-10.197865110323391,11.531215420020773,-25.684347541398893,24.02941313090196,-49.34412388939428,49.083356482524785,-85.76552001468667,82.98900035265659,-112.13214618984466,0.0,0.0,15,0
103,103,7,7,279865,7,6,700.2641897930642,1913.721856204642,3.0961437900583637,1.8516530823692392,2.1200799419699483,10.402027684046745,-3.4277408814048167,21.615804744842077,-27.646034038452054,54.69580683905542,-19.843269007928825,70.87722858519555,0.6646989337755258,90.32234133791212,26,0
104,104,20,8,319556,33,0,257.18104889857875,489.670066154531,-13.440656819638633,4.464980256073488,-21.093538456542035,12.399680786380145,-34.902838787696396,20.685870606706487,-81.08582310159633,48.72361781234656,-105.34014999832505,70.4278976756773,-213.1729748532453,74.09538496557876,24,0
105,105,53,8,319299,27,0,88.35850817685748,344.9693067690885,9.309312001948854,6.205575543152065,15.339580247904834,9.053165475545768,45.30187206538996,33.337015865185435,0.0,0.0,0.0,0.0,0.0,0.0,17,0
106,106,9,8,319500,18,0,481.5417908326695,445.4346307517701,-1.60367314237169,2.1297954957392453,2.41049636910094,-0.15104234721809462,-0.8792112720802265,-14.412663445937595,-1.7275244707184356,-7.05017455752926,13.78951389291876,-4.8922854043920525,26.92536586712396,6.9942443779036685,9,0
107,107,11,8,321166,3,0,1691.8488600241171,1450.2119109737412,4.857878289785277,-2.9626596227906252,8.54251073604587,-12.650785473926813,-3.834720316628136,-52.18447166245596,-6.773050923887923,-64.1464807691043,0.0,0.0,0.0,0.0,21,0
108,108,1,8,956485,1,0,117.50091944469469,695.5054423300861,0.0,0.0,0.0,0.0,0.0,4.000031300245041,-2.000015650122464,4.000031300245041,-10.00007825061232,0.0,-6.000046950367434,20.000156501224865,10,0
109,109,12,8,956063,21,0,475.5037208166154,1837.514378550012,-2.4681257838649917,-6.6471210988208895,6.000046950367391,14.00010955085736,1.0218353034179015,-2.9001211110978597,4.444747892081125,-2.618664408933,-6.04675935089449,-0.39123423009573344,-2.285483447214631,4.861145126633801,13,0
110,110,0,8,319643,15,14,1791.9226047186576,540.6805330599174,-11.767665575836643,11.396631876689751,-22.577491165170606,17.840896551366086,-18.966296573271393,19.477959673754306,-20.217363689398557,25.73213891748276,-16.868797169958725,14.752935864949336,-15.474577812113465,-5.794050813920991,27,0
111,111,15,8,321179,24,0,2039.0152926146948,1459.0109425820694,-32.587963746991356,7.452378462232673,-35.4996151045184,4.500509395042627,0.0,0.0,0.0,0.0,0.0,0.0,0.0,0.0,15,0
112,112,0,8,319396,16,14,1862.7528819558802,390.8357502223377,7.285798946101978,-8.062798597287951,10.426095185955548,-19.440775098311747,19.70819729394475,-35.71386723459824,28.146878173636647,-44.09620711680873,23.18936614308086,-44.81703576577643,20.815197905349805,-48.57920421246541,28,0
113,113,7,8,321445,8,6,605.1102667234716,1626.3211678891746,1.2001894173156415,7.70108083753462,1.3539772065718123,8.600957201675326,-3.9691757322948433,-4.331297462674229,-10.904198852788568,-12.314517681666072,-19.407753976925626,-9.566783433947876,-25.94065735972993,-6.58163271938338,25,0
114,114,8,8,320551,10,0,1115.1735448801899,1091.9734249574278,5.7952845033373706,1.2725658378340086,3.698433815682392,-1.5808659200645252,19.723591598565235,-22.665313205127177,51.27989554721262,-63.93648461643966,70.16748030582585,-87.70818604731188,74.50104005875754,-90.9995391190671,12,0
115,115,48,8,957415,34,0,857.5901049366458,27.85427794509436,0.0,0.0,1.4923306240855254,7.461653120427622,13.430975616769727,19.40029811311182,22.384959361282878,29.84661248171048,31.338943105796037,38.80059622622362,43.27758809848035,65.66254745976308,23,0
116,116,19,8,321003,32,0,2039.0152926146948,1350.0101250759385,0.0,0.0,0.0,0.0,0.0,0.0,0.0,0.0,0.0,0.0,0.0,0.0,6,0
117,117,5,8,321771,12,11,576.261448346262,1827.0878684507336,1.243070626599092,-13.573677702191615,31.24330537843582,18.426572699768485,35.24333667868086,22.426604000013185,43.243399279170596,10.426510099278175,17.243195827578802,0.42643184866528827,11.24314887721141,-11.573662052068356,16,0
118,118,7,8,321973,7,6,680.4209207851353,1984.5990847898377,8.650061336328008,5.91295979806705,14.70652545652365,14.420831188074093,20.50796794170435,19.445112752716568,0.0,0.0,0.0,0.0,0.0,0.0,26,0
119,119,5,8,320120,13,11,731.1592231119148,828.0980332635608,11.65271571040978,-35.49359928201068,11.68147145773355,-37.005137756682416,2.2184827777173264,-20.002741475180873,25.185981237063856,-91.89703993817808,23.236144497318488,-110.33223272367468,8.367200101354229,-77.12329183573286,18,0
120,120,1,9,956559,1,0,107.50084119408235,695.5054423300861,12.00009390073474,2.0000156501226907,6.0000469503673335,4.000031300245041,4.000031300244885,20.000156501224865,14.00010955085719,6.000046950367504,24.000187801469536,6.000046950367504,28.00021910171444,12.000093900734894,10,0
121,121,25,9,353921,36,0,1818.013635102263,0.0,-2.000015000111944,0.0,-3.000022500168143,0.0,1.2793416633364814,42.21652072363808,40.01829564355603,140.12414968364223,91.8609034616004,232.3961049295417,92.98101314138262,222.73009946937603,30,0
122,122,48,9,957451,34,0,888.9290480424419,66.65487417131797,7.461653120427741,13.430975616769727,8.953983744513039,17.907967489026305,11.938644992684312,26.861951233539447,16.41563686494078,47.75457997073679,28.354281857624983,46.26224934665126,34.323604353967085,59.69322496342096,23,0
123,123,5,9,355010,13,11,754.3953676092333,717.7658005398863,0.3445349791244325,-0.8523740937523598,-2.3421818294141303,-4.56152566845833,-14.868944395964265,33.20894088794182,-5.4549423389787535,-14.04711203719535,-11.582144586473534,-10.562894596108665,-19.864458516730565,4.0229346773546695,18,0
124,124,8,9,355532,10,0,1185.341025186016,1004.265238910116,-1.009455087485776,2.4661147099079703,-3.373075053702678,8.19700427176906,4.3335597529317065,-3.291353071755225,15.553381810517294,-18.062197035718786,18.146103826743683,-14.897351596358929,15.362432726799623,-17.934281355571102,12,0
125,125,15,9,356428,26,24,1925.9388246174908,1517.4437370354462,0.473975102832128,0.17137171331592072,12.820841164323607,5.027701641805606,35.21943104613365,2.4166092073758136,59.68576880333171,51.17805402086151,113.07646799720396,142.56871305792947,0.0,0.0,31,0
126,126,11,9,356176,4,3,1677.5996250262515,1364.3455227114998,-4.120756463248654,25.127598808350285,-26.33290101048533,64.0406768708649,-15.630743645750728,95.53351912085371,8.549264919928191,134.10643225369378,-4.9072188339278,92.70760102519444,-5.830593146211867,97.7644863883277,32,0
127,127,20,9,354717,33,0,151.8408989002537,560.0979638302083,-18.574539255628395,-8.808389224219127,-47.41551588774065,-15.779601626111912,-107.83282485492028,3.6674872899014868,-151.8408989002537,14.906348702135688,-151.8408989002537,18.906378702360485,-130.96190572115853,33.70085016595465,24,0
128,128,0,9,354713,15,14,1775.0538075486988,555.4334689248667,1.5462384549562105,-1.8031512777641865,0.8570948381168364,-2.382435377921752,1.3942193578452589,-20.546986678870326,-3.3514989635816623,-22.2655859280585,-14.27317025299658,-18.507327469286803,-14.591094268512736,-19.79023767937872,27,0
129,129,11,9,356262,5,3,1693.0325672848776,1419.6099539166007,-1.5193311938051008,11.901247658552165,2.4807001064398264,25.901357209409298,10.480762706929454,59.90162326149107,45.47444421131264,96.84972318137557,83.91864584812856,119.18047641619137,112.52653484929851,135.40358348278528,33,0
130,130,7,9,356579,8,6,585.7025127465461,1616.7543844552265,0.017513819494638483,0.8655005755083494,-1.5280934530467218,3.784914817936169,-6.532903382804308,2.9851507145644973,-15.572794981535141,39.85746680599186,-25.86901617112801,84.41643952635059,-13.332382210421994,112.15882908056915,25,0
131,131,53,9,354412,29,27,54.46325121228051,341.38968628026925,-5.879430276702031,-1.1114407127795969,-6.413890309891976,-0.34349297768710585,-14.361390079216454,-5.37144484722421,-54.46325121228051,11.61296123958715,0.0,0.0,0.0,0.0,29,0
132,132,53,9,354473,28,27,213.3522659745624,389.2200559786826,52.82119883802999,10.611968671699971,92.67525837908165,14.46011480931088,146.24811784693009,3.9342032338964255,188.79371501449486,-0.2326762214691485,206.53117479072327,-0.32415299981249746,248.21421553366486,-4.877232669593411,34,0
133,133,0,9,354421,16,14,1885.9422480989608,346.0187144565611,-3.023036413284672,3.8517584474795403,-3.2749708149681283,3.147290611593405,-2.374168237731056,-3.762168446688975,-12.468073942600313,5.407118551131076,-36.16928773570453,42.27190352067521,-35.35955567206339,101.20621489255986,28,0
134,134,5,9,956155,12,11,593.5046441738407,1827.514300299399,0.0,0.0,-6.000046950367391,-10.000078250611297,-6.000046950367391,-12.000093900733646,-32.096657184982746,20.83648485570143,5.912262796009372,59.78393525625848,7.404593420094898,70.2302496248567,16,0
135,135,9,9,354558,18,0,495.33130472558815,440.542345347378,8.392591719702068,1.8312192518275765,9.958233507501633,14.920388753339296,13.135851974205195,11.886529782295725,27.324964617965012,24.272522930898838,-95.16880790202957,0.13209015782445022,-75.15475997464347,18.605027038523644,9,0
136,136,12,9,356922,21,0,469.4569614657209,1837.1231443199165,0.13474597909231534,2.148302611188228,-0.4013007360874781,3.8484607599918967,3.7612759036798593,5.252379356729534,10.300765034227707,8.766133996679855,10.573495577287359,8.389833761346381,31.46612431448472,30.77479312262949,13,0
137,137,9,10,396484,18,0,400.1624968235586,440.6744355052024,23.628875326580328,2.6310396745442404,32.496282458872884,12.13200199835586,20.014047927386123,18.472936880699194,0.0,0.0,0.0,0.0,0.0,0.0,34,0
138,138,5,10,958274,12,11,599.4169069698503,1887.2982355556574,-11.938644992684429,0.0,-1.492330624085639,8.953983744514062,1.4923306240855254,10.446314368598225,-5.969322496342329,17.907967489026078,16.415636864940666,46.26224934665106,37.30826560213779,67.15487808384864,16,0
139,139,11,10,398280,5,3,1776.951213133006,1538.7904303327914,8.167679425895813,2.443349991844343,13.97148500237995,4.621721671908063,28.607889001169948,16.223107066593908,78.53825097300023,56.57969766810084,202.7963173128421,125.99749552633513,241.9703729440237,191.0009039552617,33,0
140,140,8,10,397392,10,0,1203.4871290127596,989.367887313757,2.902445806380001,-0.6029771463554425,5.420275004576297,-4.910734903234584,-2.7836710999440584,-3.036929759212172,-4.766231455600063,4.0850667510185295,-11.798849721932356,9.729666328728058,0.9522029290817501,-1.3707662183044251,12,0
141,141,1,10,956629,1,0,131.5010289955519,701.5054892804536,0.0,0.0,0.0,0.0,4.000031300244899,6.000046950367391,0.0,18.00014085110206,8.000062600489857,16.000125200979713,55.9214105348272,45.72481868186196,10,0
142,142,48,10,957487,34,0,917.2833299000666,112.91712351796923,7.4616531204278544,8.953983744513152,7.4616531204278544,11.938644992684187,5.9693224963421025,13.4309756167697,5.9693224963421025,19.400298113111827,5.9693224963421025,13.4309756167697,4.476991872256804,0.0,23,0
143,143,53,10,396389,28,27,419.8834407652856,388.8959029788701,7.611114888011855,-2.40781621891648,24.528818082449284,-4.239719879704637,41.68304074294156,-4.553079669780915,66.06759136770916,-9.546496698725546,80.64514485469824,-8.47425915367188,90.28619058464159,-7.647625350838325,9,0
144,144,0,10,396386,16,14,1849.7729603632565,388.2906179772363,-6.012300877075857,14.083591245711998,-6.881514101310812,47.12099070477485,0.8097320636411496,58.93431137188463,3.0925730710298467,69.88904484011135,-6.150459023860549,84.8540412954352,-15.130890826241965,90.87745660852949,28,0
145,145,20,10,396705,33,0,0.0,579.0043425325688,0.0,0.0,0.0,2.000015000112626,20.878993179095172,14.794471463594165,0.0,20.000150001125235,0.7643842281359903,17.128834995256053,0.0,34.00025500191259,24,0
146,146,0,10,396648,15,14,1760.7806372957025,536.9261414555799,0.8494337773877305,0.4368604620621,-1.4822928846876948,1.8616208796464664,-0.3179240155161551,-1.2829102100919272,6.671526963652923,-13.82529458916008,9.102397483662118,-57.007627092174694,19.664328633988134,-95.07722315110578,27,0
147,147,5,10,396918,13,11,742.8132230227595,707.2029059437773,-0.9771318949858596,2.005962479357777,-6.488213056471295,5.189008357571538,-8.282313930257033,14.585829273463332,-6.252602200942987,13.091804223184454,-12.071614594441144,56.2175624277213,-9.703621572436305,66.66668936660983,18,0
148,148,12,10,958271,21,0,480.03045704300825,1845.5129780812624,5.969322496341988,1.4923306240857528,7.461653120427456,7.461653120428082,20.89262873719736,22.384959361283112,10.44631436859862,22.384959361283112,13.430975616769615,20.89262873719781,14.408258326942015,11.164483174507039,13,0
149,149,11,10,398132,4,3,1672.6924061923237,1457.0531237366947,-0.5380083051750262,-4.38844644681194,2.182641240487328,-3.4638954941146944,-0.923374312284068,5.056885363133233,-36.11955619289756,14.217478574255438,7.302795032228914,104.07041448521409,2.0366460504480983,143.7563350522255,32,0
150,150,15,10,398448,26,24,2039.0152926146948,1660.0124500933755,0.0,15.00011250084367,0.0,0.0,0.0,0.0,0.0,0.0,0.0,0.0,0.0,0.0,31,0
151,151,25,10,396093,36,0,1909.8745385638626,232.3961049295417,2.9606302478548514,3.1276184303432046,3.092814381897142,-7.8613534768393825,1.1201096797822174,-9.666005460165678,59.3553930332921,50.74392740928607,95.31781629455077,104.37061220125617,0.0,0.0,30,0
152,152,7,10,398525,8,6,559.8334965754178,1701.170823981577,-10.42654294165834,10.446447466940526,-7.681721235070768,16.252404227851688,12.536633960706013,27.74238955421856,83.24265063075518,57.89142336126588,137.00742594606265,112.67262093340901,157.12140306222298,116.7655504118984,25,0
153,153,8,11,426695,10,0,1191.6882792908273,999.0975536424852,2.4732311148411554,-2.151142314012532,5.869382031159147,-5.840190172152347,12.751052651014106,-11.100432547032485,13.646447800070064,-10.643342948089412,-8.359058036399801,18.15976978514982,-18.492640983266245,31.481660426156395,12,0
154,154,12,11,958337,21,0,493.4614326597778,1866.4056068184605,1.4676575473997673,-8.229709297466798,-2.7043920010123657,-12.722808795013636,0.9772827101724032,-9.72814556269077,-2.984661248170994,-2.984661248171278,1.4923306240855825,8.95398374451247,5.9693224963422145,19.400298113111376,13,0
155,155,11,11,427678,4,3,1679.9952012245526,1561.1235382219086,-8.445001423847089,-2.023810448885115,-8.53320282295499,12.079468898865798,-5.266148981780816,39.6859205670114,14.343020420422821,137.84239531218213,59.32189102900156,238.16433923826344,106.63122530049213,266.9128572093234,32,0
156,156,26,11,425566,39,0,0.0,323.0024225181689,0.0,3.000022500168712,0.0,0.0,0.0,4.000030000224967,8.500066513020464,-5.499938061227965,14.500113463387851,-17.500031961962804,14.500113463387851,-5.499938061227965,35,0
157,157,48,11,957527,34,0,923.252652396409,126.34809913473892,-2.984661248171278,-11.938644992684177,-5.9693224963421025,-20.892628737197327,-1.4923306240852985,-13.4309756167697,-11.938644992683976,-16.415636864940765,-11.938644992683976,-29.846612481710462,-14.923306240855256,-34.323604353967035,23,0
158,158,11,11,427866,5,3,1979.7475304458485,1664.787925859127,24.032658855554928,17.996006925193797,33.49890327873277,35.13738766619031,39.174055631181545,65.0034084289266,16.992238127296105,108.30157312316601,-49.21807847502032,169.74324976242906,-74.38736376064298,206.90457619566064,33,0
159,159,5,11,426215,13,11,730.7416084283185,763.4204683714987,0.7481052062157687,12.491671955749323,0.44537909499399575,17.000141500465592,2.367993022004839,10.449126938888526,7.980506401254503,-4.981279372452264,10.512558121177335,-36.52547126254183,10.917679813388872,-45.21570955097922,18,0
160,160,53,11,425637,28,27,500.5285856199838,380.4216438251983,3.3525340757773847,0.006240755281680777,0.8758459301467383,0.4075995259835281,9.641045729943356,0.8266338028335554,-1.0580000750641148,2.1678376839962543,-23.024296308653394,14.270342026063645,-36.01195735138094,19.09390742393299,9,0
161,161,20,11,425955,33,0,0.7643842281359903,596.1331775278247,-0.7643842281359903,4.871330005981804,17.117377119647994,3.5246899463696764,-0.7643842281359903,16.871420006656535,0.0,0.0,0.0,0.0,0.0,0.0,24,0
162,162,7,11,428128,8,6,696.8409225214806,1813.8434449149854,8.696411360083745,5.780933400318418,12.349964472863235,3.530308502117805,20.1139771161603,4.092929478489396,71.40136217484269,-28.289913851308032,91.88010493424588,-25.75684347766264,117.24634817535423,-47.2074171369684,25,0
163,163,0,11,425771,16,14,1843.622501339396,473.1446592726715,-4.67625563520096,2.195538852208415,-5.926975124546972,1.192404050001585,-8.980431802381418,6.023415313094291,-12.576383783921983,16.425313516792528,-17.692378513329462,26.60887280111405,-18.41116502409385,31.06104406813233,28,0
164,164,27,11,958499,40,0,1364.982517125724,1964.899428008105,-1.4923306240852985,-10.446314368598447,-8.953983744513152,-34.32360435396731,-11.938644992683976,-46.26224934665129,-34.323604353967085,-52.231571842992935,-53.72390246707892,-71.63186995610455,-70.13953933201924,-71.63186995610455,36,0
165,165,5,11,958396,12,11,615.8325438347907,1933.5604849023086,8.953983744513152,11.938644992684205,8.953983744513152,11.938644992684205,20.89262873719713,20.892628737197587,20.89262873719713,22.384959361283336,-31.827787265254532,-38.23798791960985,-40.636592190875724,-55.862511214288816,16,0
166,166,0,11,425778,15,14,1769.8830347793646,479.91851436340517,-2.317508262580532,-8.254069923125314,2.986868842798457,-18.511000101924022,10.561931150326018,-38.069596058931104,25.179471536902838,-60.739515324710744,49.70521051691343,-79.00974572883126,58.849766263765574,-86.33622896583927,27,0
167,167,1,11,956723,1,0,139.50109159604176,717.5056144814332,20.00015650122461,10.000078250612432,43.16269607908515,24.630605794182657,47.92134793433735,29.724693480882248,49.41328575428207,40.20551667134704,-3.916375333655253,17.573436398227276,31.833814201069288,36.553560043788146,10,0
168,168,25,11,958643,36,0,2005.1923548584134,336.7667171307979,0.0,-7.461653120427741,7.4616531204278544,-20.892628737197413,0.0,0.0,0.0,0.0,0.0,0.0,0.0,0.0,30,0
169,169,25,12,473734,37,36,1993.005835204804,252.0581793047129,4.700229030252331,-3.5685348061460336,8.038760926858233,0.7675277106539511,14.690940269578507,10.659701500161248,46.009457409890956,2.943733209630949,0.0,0.0,0.0,0.0,37,0
170,170,53,12,473989,28,27,477.50428931133035,394.6919858512619,-2.377435320323741,1.8254632617162656,-3.0908730412679124,1.4473381521185615,-12.987661042727554,4.823565397869345,-26.29790144802769,14.192877428326256,-27.921507498887358,16.928652199778526,-7.663646625695094,14.837623932586837,9,0
171,171,28,12,476612,41,0,917.2441075235297,2002.4810900791208,22.249652638539267,22.712276681864296,42.76309253047077,36.53420253557397,68.76328753193332,36.53420253557397,109.76359503423951,36.53420253557397,0.0,0.0,0.0,0.0,38,0
172,172,27,12,958535,40,0,1311.258614658645,1893.2675580520001,-2.9846612481705965,-1.4923306240859802,-4.476991872256349,-1.4923306240859802,-16.415636864940325,0.0,-7.4616531204274,23.87728998536841,-10.446314368598225,31.33894310579558,-22.384959361282426,28.35428185762453,36,0
173,173,0,12,473996,15,14,1819.588245296277,400.90876863457396,3.0838984131260085,-3.3117325254599446,5.9341996932228085,-7.258539990731323,9.144555746852118,-7.326483237008006,17.422053169257197,-14.485669323967613,34.07844270757891,-33.40318249559686,82.96164473675663,-91.37375907027537,27,0
174,174,1,12,474568,1,0,135.5847162623865,735.0790508796606,35.945711646349764,24.43142898139945,37.007136521499774,22.151741663871576,35.75018953472454,18.980123645560862,26.27586457769036,13.225160682743766,24.484822999308506,8.751404130686979,30.276889119266553,7.419326805100808,10,0
175,175,5,12,476496,12,11,584.0047565695363,1895.3224969826983,1.0784590962970242,-6.4269872672828114,-0.3640134527327064,-12.489431958888874,-8.808804925621189,-17.624523294678966,4.965836031715412,15.853028558327427,18.22298129062505,25.750395677934875,58.68973849879399,74.05392289766245,16,0
176,176,25,12,473360,38,36,1794.635755518024,8.440247785507562,-3.794601782839436,-3.562667833970957,-0.6223004171110915,-8.440247785507562,0.0,0.0,0.0,0.0,0.0,0.0,0.0,0.0,39,0
177,177,26,12,959190,39,0,14.500113463387851,305.50239055620614,0.0,0.0,0.0,0.0,0.0,12.00009390073484,9.000070425551076,0.0,9.000070425551076,0.0,0.0,-12.000093900734726,35,0
178,178,12,12,958359,21,0,494.95376328386345,1875.359590562973,0.0,0.0,1.4923306240854686,8.953983744513607,4.476991872256633,10.446314368598905,8.953983744513152,13.430975616769954,4.488901053170538,14.406058600783124,5.544166872515349,14.930076773878682,13,0
179,179,0,12,474138,16,14,1825.9301228260665,499.7535320737856,-0.12731839537673295,4.3341770668196204,0.7357255805695786,3.1868511011563783,-0.7187865107644029,4.452171267018287,-0.5469840962318813,6.8494503188478575,-0.5901056013817652,9.517190232335397,-1.0509841333591794,5.499692486172877,28,0
180,180,7,12,476376,8,6,788.7210274557265,1788.0866014373237,4.213817935069528,-6.769029460074762,10.762509612445342,-12.343043251238216,25.36624324110835,-21.450573659305746,55.053649712127026,-37.183816593968686,72.66680759214819,-45.884579315972594,85.76288319321952,-57.27617807783509,25,0
181,181,11,12,476440,5,3,1930.529451970828,1834.531175621556,-17.869268349379123,10.168021513499523,-20.721173538860285,19.209627339571625,-25.169285285622664,37.16132643323158,-23.101734945475073,66.90732358259402,-19.53987430323582,71.24004100480259,-20.987806078042013,58.35284189947743,33,0
182,182,29,12,474392,42,0,0.0,636.0047700357752,0.0,1.0000075000561992,0.0,0.0,0.0,0.0,0.0,0.0,0.0,0.0,0.0,0.0,40,0
183,183,5,12,474551,13,11,741.2541665494957,726.8949971089569,-1.2884932913905232,3.5706918992984815,-2.9263936980839844,3.871682332616047,0.4051216922115373,-8.6902382884374,-2.32010418524078,-5.366441307974809,1.4396590199590946,-16.219192254706854,-1.164673423870795,-8.563358835045392,18,0
184,184,11,12,476406,4,3,1739.3170922535544,1799.2878774601718,9.006015536057248,12.14462226759224,23.14909695037386,16.167160748619153,47.30933427149058,28.748517971059986,41.54492008668808,42.890917995748616,30.480517904558386,83.36136160169191,8.893505301249663,147.44775773978452,32,0
185,185,48,12,957563,34,0,911.314007403725,96.50148665302844,0.0,0.0,-2.984661248171278,-4.476991872256576,-2.984661248171278,-4.476991872256576,-8.953983744513607,-5.9693224963421025,-1.4923306240857528,5.9693224963421025,7.4616531204274,19.400298113111827,23,0
186,186,8,12,475000,10,0,1183.3292212544275,1017.2573234276348,-3.1947940372224366,1.093159285909678,-2.8285289343677964,6.256356816693143,-10.133582946866452,13.321890641006574,-20.063748820231467,24.830799465153408,-14.488315536071696,16.5562816458023,-8.713913350301482,8.325608026047577,12,0
187,187,5,13,518308,12,11,602.2277378601614,1921.0728926606325,27.03578159139932,33.38022097887256,35.98976533591247,46.81119659564229,40.46675720816893,48.30352721972757,46.99970492324803,49.72862929632379,68.82103906579391,81.13480094960892,101.77754217943891,117.94239995406107,16,0
188,188,27,13,958571,40,0,1300.8123002900468,1924.606501157796,-4.476991872256804,-4.476991872256576,-8.95398374451338,-5.969322496342329,-11.938644992684205,-2.984661248171052,8.953983744512927,41.78525747439471,26.86195123353923,79.09352307653285,19.40029811311161,86.55517619696047,36,0
189,189,12,13,518273,21,0,499.442664337034,1889.765649163756,-1.107590401581774,-1.0502846590579793,-3.200584970661339,-2.6219298846183388,1.0552658193448108,0.5240181730955555,5.374676420172932,6.727829233255763,13.97500200330228,20.585636161872802,19.600357633184785,20.435059964747094,13,0
190,190,53,13,515777,28,27,449.58278181244316,411.6206380510403,10.548667836290406,-0.8054247039675602,12.607487475781396,-1.3641977680574089,20.25786087319227,-2.091028267191689,28.05222078509001,-5.54954163325317,11.20768234450071,-1.2360086933038588,21.180286061050428,-2.5629611363485765,9,0
191,191,1,13,516352,1,0,160.069539261695,743.8304550103476,1.2659685399949865,-0.9203380950307292,4.589680548939157,-1.0504907081405008,5.7920661199580366,-1.3320773255861695,8.470512380408024,-12.891021487259307,18.333877937879574,-18.386073054151552,27.745765141642977,-17.765676247870942,10,0
192,192,30,13,516175,43,0,0.0,641.0048075360568,0.0,0.0,0.0,5.000037500281112,0.0,3.000022500168484,0.0,0.0,0.0,0.0,0.0,0.0,41,0
193,193,5,13,516269,13,11,742.6938255694548,710.67580485425,-2.805729596687001,34.78371974981303,-1.3117070779495634,2.3645115166639243,-2.6043324438298896,7.655833419661462,-8.876903030247151,33.00161983796602,-14.499452623801632,48.25232477704094,-10.653363608516203,49.909043305439575,18,0
194,194,26,13,959264,39,0,23.500183888938928,305.50239055620614,-3.000023475183692,-12.000093900734726,-3.000023475183692,-12.000093900734726,-9.000070425551076,-12.000093900734726,-6.000046950367378,-3.000023475183696,-15.000117375918464,-12.000093900734726,-9.000070425551076,-18.000140851102113,35,0
195,195,7,13,518103,8,6,861.3878350478748,1742.2020221213504,2.339170781439293,-0.3191772755067177,6.94609481404416,-4.652634034031735,13.096075601071336,-11.391598761862495,19.22305584154105,-12.499127008352845,23.200739433486557,-21.771661126081423,22.22868813959633,-25.050705768660464,25,0
196,196,48,13,957599,34,0,909.8216767796392,102.47080914937055,8.953983744513152,11.938644992684187,13.430975616769727,16.41563686494075,8.953983744513152,13.430975616769727,16.415636864940666,11.938644992684187,8.953983744513152,10.446314368598664,20.89262873719724,23.87728998536836,23,0
197,197,8,13,516853,10,0,1168.8409057183558,1033.8136050734372,1.9076520898465787,0.5171288308372368,-0.49993175243457705,1.443578126588136,5.774402185770214,-8.230673619754725,19.931328314590925,-33.23089066640125,25.41231785858622,-35.703603885486814,35.968614314990184,-47.786791669219724,12,0
198,198,11,13,518257,4,3,1769.7976101581125,1882.649239061864,-5.5573032765826165,13.943864558146744,-17.944228963618112,35.19564177130792,-21.58701260330872,64.08639613809261,-43.59169556093957,124.98654585984491,0.0,0.0,0.0,0.0,32,0
199,199,0,13,515708,15,14,1853.6666880038567,367.5055861389772,13.407253679345558,-12.810073385860449,18.23788554647945,-21.14170899560918,48.88320202917771,-57.97057657467849,48.5951289566051,-50.71552561946521,52.88921217635448,-63.55294128115571,60.072563566146975,-75.07722926365,27,0
200,200,11,13,518298,5,3,1910.989577667592,1905.7712166263586,3.40183450410882,-2.7399182251715497,0.17181422698058668,-8.043525723082894,-1.447931774806193,-12.887199105325179,-1.0043890630086023,-24.067006660136258,33.520915321523034,-89.76661135847166,68.42565793268182,-138.5618315921331,33,0
201,201,0,13,515960,16,14,1825.3400172246847,509.2707223061209,0.3197397608528263,0.4523986727941178,0.14016620989059447,-1.631188233319392,-0.4608785319774142,-4.017497746162518,-3.247479334598438,-9.686282633638996,-2.4562061023509614,-8.218844313722173,-2.8114764897279656,-10.831222114189643,28,0
202,202,5,14,958478,12,11,671.0487769259553,2002.2076936102426,11.938644992684312,16.415636864941007,31.338943105796037,25.36962060945439,32.956503113645,36.807599004452186,0.0,0.0,0.0,0.0,0.0,0.0,16,0
203,203,27,14,958607,40,0,1327.674251523586,2003.7000242343286,5.969322496341874,4.476991872256349,1.4923306240852985,-2.984661248171052,-7.461653120427628,7.461653120427628,-7.461653120427628,19.400298113112285,0.0,0.0,0.0,0.0,36,0
204,204,8,14,551438,10,0,1194.253223576942,998.1100011879504,4.644063396088542,-2.6848928310092797,4.716024917125196,-4.6945949861577665,10.55629645640397,-12.08318778373291,7.393339594954567,-4.178543122686733,-3.298072612253464,6.167447816316668,-14.663492845785186,17.911559879975353,12,0
205,205,0,14,550661,16,14,1822.8838111223333,501.05187799239883,-2.324190943231088,1.1478039895235383,-0.4793053286116447,-0.8464754955320473,-0.3552703873770042,-2.6123778004674705,-5.940191560458063,-4.147653009735507,-8.575628242105495,-3.1613055084461625,-6.4870817079163325,-2.7177552048648863,28,0
206,206,48,14,957635,34,0,918.7756605241524,112.91712351796923,4.476991872256576,0.0,4.476991872256576,0.0,11.93864499268409,13.4309756167697,16.41563686494078,41.78525747439463,2.984661248171278,22.38495936128285,-14.92330624085514,-16.415636864940765,23,0
207,207,0,14,550353,15,14,1906.5559001802112,303.9526448578214,0.8791600805675444,-4.080499548506906,2.9082526307995518,-5.799761106389383,7.183351389792506,-11.524287982494284,3.5617378068029666,-14.7704199999053,10.323959562384287,-21.90997050608644,11.813328472324883,-23.10756114372095,27,0
208,208,12,14,552918,21,0,513.4176663403363,1910.3512853256286,2.163504173574779,0.10036189076140543,4.501959296456676,0.8411746642141225,5.625355629882506,-0.15057619712570158,13.378965975695676,6.396699574851482,23.707775536702684,21.486448659623193,29.96384808795073,28.80683900816848,13,0
209,209,26,14,959336,39,0,8.500066513020464,293.5022966554713,9.000070425551089,-6.000046950367391,9.000070425551089,-6.000046950367391,6.0000469503673886,-6.000046950367391,0.0,0.0,0.0,0.0,0.0,0.0,35,0
210,210,7,14,552687,8,6,884.5885744813612,1720.4303609952694,4.812150992841339,-6.6894930458231565,0.4519675435517456,-5.662819980842188,-0.9720512938902176,-3.2790446425790383,6.322144372129968,-8.820539926835863,5.333167636124814,-10.389659628606976,0.024184874562706682,-5.0535127085775,25,0
211,211,1,14,551033,1,0,178.4034171995746,725.444381956196,1.1159657533919187,1.7139804747008611,4.4966800051538485,1.6673061055479366,9.411887203763401,0.6203968062806098,16.90844291313033,15.135252397650332,20.784937106251217,14.517629391352214,21.34497520851116,16.460379599289467,10,0
212,212,5,14,551088,13,11,728.1943729456532,758.9281296312912,-2.6174155193873503,3.1065850801410297,2.1120823491579586,6.6088331668728415,3.8460890152854286,1.656718528398642,2.2776857391750127,8.74625725965268,0.7192897048669238,14.557395347600846,-4.856637500725583,27.94009572161235,18,0
213,213,53,14,550513,28,27,460.79046415694376,410.38462935773657,-3.182004490622205,2.2289109503990967,3.531358701286422,1.4717061909453264,9.972603716549713,-1.3269524430447177,11.763789983156475,-0.039929408696934836,21.761132460300985,2.3398314033422025,25.84230015845743,0.16689243668059814,9,0
214,214,11,14,552821,5,3,1944.5104929891158,1816.0046052678867,8.005988348525534,-16.71728894845387,14.589897510230005,-29.12296396411489,34.90474261115878,-48.79522023366144,66.17210423089318,-81.63277822223063,0.0,0.0,0.0,0.0,33,0
215,215,53,15,599400,28,27,482.5515966172448,412.7244607610788,6.203574487186984,-0.529729327608834,-3.8230830814297283,-0.009633204710667087,4.081167698156435,-2.1729389666616044,-20.1079974855694,8.633462928602567,17.411277341623872,1.2228969137366903,31.61754675102373,1.3836508490475126,9,0
216,216,1,15,599918,1,0,199.1883543058258,739.9620113475482,0.3921268678924719,-0.08100551482573337,0.2541101809286488,0.8249092740252308,0.5600381022599379,1.942750207937252,3.9557857585843688,7.2796507759584275,4.637438809678173,10.827302897860477,-4.830111207731819,13.537996410969185,10,0
217,217,12,15,601838,21,0,537.1254418770391,1931.837733985252,1.1650045298570149,2.8209630562294024,2.4311448314914514,3.3139947920560644,6.256072551248053,7.320390348545287,19.641827611734016,22.430491166083584,12.717881476596745,20.21375213898068,6.9010165308461655,20.053466755786303,13,0
218,218,48,15,957671,34,0,921.7603217723237,135.30208287925208,-5.969322496342556,-13.4309756167697,-11.938644992684429,-17.907967489026287,-17.907967489026422,-38.80059622622362,-22.384959361283226,-49.24691059482229,-22.384959361283226,-49.24691059482229,-11.938644992684429,-40.29292685030917,23,0
219,219,8,15,600323,10,0,1190.9551509646885,1004.2774490042668,-3.455233407651349,8.588996987600241,-9.535010100574027,10.142740620813813,-11.365420233531722,11.74411206365869,-12.553968441533243,14.953648750326463,-3.82201978715284,3.762801664852304,4.0986614022581325,-4.450052598783486,12,0
220,220,7,15,601539,8,6,889.9217421174858,1710.0407013666627,-2.077792887859232,2.5732754713612853,-2.339243178136144,1.6176976788028696,-5.308982761562107,5.336146920029479,-7.570538322429115,8.856575846574742,-3.290891341534006,14.701502907353413,-9.679946019653356,18.518031431882264,25,0
221,221,0,15,599513,16,14,1814.3081828802285,497.8905724839526,-0.5948814583305193,-1.519717596676685,-0.11970150785259648,-0.3979395608662344,2.088546534189163,0.4435503035812758,5.766531571216094,20.598030085542632,16.96127141539,27.785124733894804,11.83172082415581,25.624699106828647,28,0
222,222,0,15,599162,15,14,1916.8798597425955,282.04267435173495,0.5420521098546942,-0.2809781672892768,0.26668099226685626,0.3906223984164399,1.4893689099405951,-1.1975906376345051,-3.875377471000775,5.224534040971207,-14.042966981119434,19.541237109899896,-17.351125388678156,21.527098428992762,27,0
223,223,5,15,599962,13,11,728.9136626505203,773.4855249788917,-1.4141159826485818,-3.3571643489992766,-1.6091387296522726,0.6913624641460956,-5.575927205592508,13.382700374011508,-4.141901423389187,12.56736569671773,-3.908134758841471,21.843115271645388,-6.219373385669428,24.28354241827025,18,0
224,224,5,16,629485,13,11,725.0055278916788,795.3286402505372,-2.921236088984301,4.1028902165336385,-1.6482284679240138,2.9213685160011664,-2.311238626827958,2.44042714662487,-0.6134557106486227,2.4827201413036164,-1.5089200593042733,2.3113456432641897,-9.521628668181052,40.906896988198014,18,0
225,225,0,16,629004,16,14,1831.2694542956185,525.6756972178474,-0.22380202304066188,0.1052503327028944,-3.0136685730622053,-1.2527965670827823,-5.129550591234191,-2.1604256270661613,-3.0480719034885624,-5.314717719114697,-0.3405578093195345,2.9798558381925204,3.6095803621060436,32.03769006084838,28,0
226,226,48,16,957707,34,0,899.3753624110402,86.0551722844298,0.0,0.0,2.984661248170937,7.461653120427643,10.446314368598793,8.953983744513122,10.446314368598793,8.953983744513122,11.938644992684546,10.446314368598678,10.446314368598793,10.446314368598678,23,0
227,227,8,16,629828,10,0,1187.1331311775355,1008.0402506691194,1.4586463044802258,0.2468345771404757,4.048017409808836,-5.629847791711428,7.92068118941097,-8.21285426363579,8.497020215311295,-11.719233069571144,8.227659176512361,-8.036444550721853,8.340693627822702,-6.165236670868353,12,0
228,228,32,16,630759,45,0,2039.0152926146948,1488.0111600837006,-13.351206588197329,-2.5811378917653656,-44.157227361060215,5.704699821875693,-67.53292596879919,15.495209599803955,-140.19149382336875,63.83998914431618,-183.8414669768037,133.21187043509008,-155.85881465049758,180.65041777012289,42,0
229,229,31,16,631513,44,0,1090.1935104145098,2013.2169687228115,-11.416544844965527,-6.4790885262932525,-10.62333375250182,-9.36475076595798,-5.496451090357142,-10.264969442430127,-4.7470640155040655,-20.26808919770656,-25.34761255991998,-17.728706314550664,-24.86236030334476,-6.563780634341582,43,0
230,230,53,16,628856,28,27,499.9628739588686,413.94735767481546,7.715487833366183,-2.6895773710274966,14.13860906076809,-2.8794729000467214,14.206269409399853,0.16075393531082227,35.69185826496697,-7.232209026108192,55.05615509853692,7.926371019759473,74.62336773458367,24.111594031644763,9,0
231,231,0,16,628671,15,14,1902.836892761476,301.58391146163484,-1.6016993866876417,-0.3518758407986411,-0.9687465718277508,0.8369261959062442,-3.3081584075587216,1.9858613190928625,-5.4638961601026494,5.673176088135903,-9.033872752471098,5.292268064889697,-8.787771775709416,-0.8806569444745946,27,0
232,232,12,16,631440,21,0,549.8433233536357,1952.0514861242327,-0.3529185859251811,-0.13697541317833384,-2.5807449437720607,0.5620683008032756,-5.816864945750581,-0.16028538319437755,1.4529431124684606,5.929310342441795,-4.087828723671919,0.22597457940537424,-11.969535497677953,-3.797217619732237,13,0
233,233,7,16,631124,8,6,886.630850775952,1724.742204274016,-2.4649555635816114,5.657939470875817,-1.1862272122538116,-0.4466211503606701,-6.389054678119353,3.8165285245288487,-25.47954576856341,18.34378447461927,-36.4442100239736,31.83879326809938,-34.272579357693424,47.88990872880528,25,0
234,234,1,16,629428,1,0,203.82579311550398,750.7893142454088,-47.546007634607534,-22.61314983081036,-2.0517251066797257,2.4967743522828414,-9.467550017409993,2.7106935131087084,-10.63522977138004,-1.862571107952931,-11.761517251570039,-5.070046208119038,-20.439266739749826,6.7022875307709455,10,0
235,235,12,17,670762,21,0,545.7554946299639,1952.277460703638,-2.760513348394284,-2.4481979717204467,-4.526269546659137,-4.325902464117462,-7.881706774006034,-4.023192199137611,-11.10896771193768,-9.063969118055184,-14.182361654272881,-11.735796372424376,-21.078736722553565,-21.501827251704977,13,0
236,236,48,17,957743,34,0,911.314007403725,96.50148665302844,-1.4923306240857528,0.0,-1.4923306240857528,0.0,-1.4923306240857528,0.0,11.938644992683976,32.831273729881524,8.953983744512698,22.38495936128285,17.90796748902619,32.831273729881524,23,0
237,237,5,17,668905,13,11,723.4966078323746,797.6399858938014,-1.2271236898570803,2.6709766533700763,-1.5597900064642545,4.1641234161401135,-8.012708608876778,38.59555134493383,1.9314493540097144,-2.933165544248141,2.1011560482739924,-8.942201659085525,5.514006789331461,-32.33586411941326,18,0
238,238,31,17,670817,44,0,1064.8458978545898,1995.4882624082609,-0.1139567378695574,4.688383069416886,-3.568104448681652,7.8507614802524595,0.4852522565752224,11.16492568020908,-29.83813529637064,43.527030206433885,-19.838060295807963,43.527030206433885,-4.837947794964293,43.527030206433885,43,0
239,239,0,17,668455,16,14,1830.9288964862988,528.6555530560399,1.5659914159909931,-1.5267280638380498,2.5950916781280284,-1.2685937349074266,3.9501381714255785,29.05783422265585,-1.757175233224871,39.379087953796564,-3.79610615102888,42.97040003063034,-8.048758122111169,38.596561806195844,28,0
240,240,53,17,668292,28,27,555.0190290574054,421.8737286945749,7.0697845198334335,4.6794753871995445,11.52729290126831,9.433105589267823,19.567212636046747,16.185223011885284,17.441220343656823,19.680767497281014,10.671979749435307,31.737878844681465,37.834030727964894,28.729964268402338,9,0
241,241,1,17,668831,1,0,192.06427586393397,745.7192680372897,-2.8079971743823933,6.134440962913345,-1.0766971837021801,10.243107411631172,-8.677749488179785,11.772333738889985,-68.94512799609619,-34.3382068209321,-85.29251549001887,-40.053640492315246,-89.74177443080362,-29.012173033607038,10,0
242,242,7,17,670495,8,6,850.1866407519783,1756.5809975421153,-2.0678769445505623,1.6142733264500748,-3.7515670862391066,4.873122677148103,2.17163066628018,16.051115460705887,17.494753444178063,-5.997622944610157,30.87747923941868,-27.026391544291073,43.20985263200714,-37.553036565379216,25,0
243,243,0,17,668060,15,14,1893.8030200090047,306.8761795265245,0.06457869670816763,-1.9863827233513116,0.1417407096498664,-2.436543939792898,0.2461009767616815,-6.172925009364293,-1.7265385258074275,-6.536227555038749,-1.4482134122119987,-7.181011023085944,-5.984592404893648,-5.615858592758798,27,0
244,244,32,17,670269,45,0,1855.173825637891,1621.223030518791,4.032262639150304,3.9524381753331,14.495169499742815,23.769151704283786,27.982652326306148,47.438547335032816,39.25735674951125,105.8796956233191,21.939772959689666,177.65132497316654,36.66672435578903,209.1802921926412,42,0
245,245,52,17,667543,46,0,311.00233251749387,0.0,4.000030000224967,0.0,0.0,0.0,0.0,0.0,0.0,0.0,0.0,0.0,0.0,0.0,44,0
246,246,8,17,669207,10,0,1195.360790354048,1000.0038061183976,1.682719929879795,-0.6370803837402264,-1.9900846074717717,2.957682821814388,0.11303445131034096,1.8712078798535003,-4.672591617630816,3.227022479850916,-14.21615812271284,13.014160546455967,-11.18028160900394,14.053522872023676,12,0
247,247,1,18,707818,1,0,106.77176037391509,705.6656275449742,0.1501837880488921,2.3185263471326607,4.142187634931602,11.163168775243662,-4.449258940784746,11.041467458708212,-16.483669213503052,-21.872799803659746,21.305886905612713,-55.870780092138716,5.815382961555357,-78.01632418657107,10,0
248,248,0,18,707563,16,14,1827.132790335269,571.6259530866703,-2.2593873591627016,0.0643268791218361,-3.0553269896111037,-3.39055214078212,-4.252651971082287,-4.373838224434508,-7.034579669413233,-6.504359767593088,-9.570124313523364,-4.352208171458983,-5.2210463700323535,-6.486217244139539,28,0
249,249,5,18,708011,13,11,725.5977638806485,788.6977842347159,1.7875656228098933,-0.15241247188873785,1.8490761394658648,-10.278510277348914,3.4128507410574684,-23.39366246032773,5.144238008727712,-40.04781485631327,-0.8250844876143901,-44.52480672856996,3.698595394984977,-39.75220962422225,18,0
250,250,7,18,709704,8,6,881.0641199913971,1729.5546059978244,9.397882514719186,-8.74827060596499,11.469007927906773,-11.294819741127641,12.332373392588465,-10.526645021088145,21.69667695596479,-22.63801933218997,16.512625338773205,-18.829393922055946,8.815470912448859,-11.027246370395915,25,0
251,251,0,18,707177,15,14,1892.354806596793,299.6951685034386,-2.0420532699863543,4.058419983835904,-2.6284948739776155,1.6464240656222269,-4.536378992681649,1.5651524303271458,-1.082483194538554,2.358753779622134,-0.9775302954553808,-0.5537621337787755,-3.8953361286924064,3.0840420631622583,27,0
252,252,12,18,710028,21,0,531.5731329756909,1940.5416643312133,-0.43471408538152895,-1.4997924459923984,-1.9039499200879388,-3.8892588448372862,-6.896375068280691,-9.766030879280603,-9.650920134187233,-15.814342974931606,-14.848057038629124,-25.844976584888173,-10.130667964390568,-27.76575461831225,13,0
253,253,33,18,706755,47,0,315.0023625177189,0.0,0.0,0.0,-3.000022500168768,0.0,-7.000052500393736,0.0,-13.898921167097228,15.27524553158384,0.0,0.0,0.0,0.0,45,0
254,254,34,18,707744,48,0,0.0,661.0049575371814,0.0,0.0,0.0,3.0000225001689387,0.0,5.000037500281337,0.0,1.0000075000564266,0.0,0.0,0.0,2.0000150001122847,46,0
255,255,8,18,708357,10,0,1181.1446322313352,1013.0179666648537,0.8924139845537411,3.5159353755219627,0.1506255552121729,1.3286233234346128,3.0358765137088994,1.0393623255677085,0.4353071068301233,3.786695362845194,-0.6362087880245326,5.631291759963801,11.981417562431714,-6.758142144892872,12,0
256,256,32,18,709791,45,0,1877.113598597581,1798.8743554919574,-6.897208016392825,14.914313275766974,-16.62823593039775,20.81667448482221,14.726951396099365,31.528967219474676,122.19508976441149,58.67477391046714,0.0,0.0,0.0,0.0,42,0
257,257,31,18,710130,44,0,1045.0078375587818,2039.0152926146948,4.000030000224797,0.0,3.0000225001683702,0.0,15.00011250084367,0.0,38.00028500213739,0.0,0.0,0.0,0.0,0.0,43,0
258,258,53,18,707414,28,27,565.6910088068407,453.6116075392563,4.538527328111286,1.9152030969909213,10.096947024631165,1.1335316293065034,27.16205097852957,-3.00791457627912,30.921489287900272,4.723569980220192,24.853220030015788,5.897321598753762,28.9061414217133,9.500709913205924,9,0
259,259,48,18,957779,34,0,920.2679911482376,118.88644601431132,1.4923306240859802,5.9693224963421025,1.4923306240859802,7.461653120427612,8.953983744513494,10.446314368598664,1.4923306240859802,-1.4923306240855254,2.984661248171278,2.984661248171065,5.9693224963422145,7.461653120427612,23,0
260,260,34,19,749832,48,0,0.0,661.0049575371814,0.0,-2.0000150001123984,0.0,0.0,0.0,2.0000150001122847,0.0,11.000082500618761,0.0,23.000172501293715,0.0,30.00022500168757,46,0
261,261,0,19,749262,15,14,1891.3772763013376,299.1414063696598,-3.6526578068683193,2.2213992597763763,-4.394475320113543,4.018992771400463,-2.9178058332370256,3.637804196941033,-3.842728442744829,1.483069661383979,-9.653709912004386,8.14895904970632,-6.139127099836742,5.777920985378215,27,0
262,262,8,19,750361,10,0,1180.5084234433107,1018.6492584248172,1.943693338500452,-4.001270340327892,6.03201895099096,-7.77467593583367,12.617626350456247,-12.389433904856675,17.474375915247947,-23.572369355140037,16.490450306436514,-22.051228212009725,13.211003791666824,-19.706147244211703,12,0
263,263,51,19,959516,52,0,302.5023670810224,23.500183888938928,0.0,0.0,0.0,0.0,-3.4156694348884,-4.419577121548901,0.0,0.0,0.0,0.0,0.0,0.0,47,0
264,264,0,19,749654,16,14,1817.5626660217465,567.2737449152113,0.14186558736196275,-1.386400039936234,3.300314840744932,-1.7862880042980578,4.349077943491011,-2.134009072680556,-1.5104638033337778,-8.79516504023934,-1.1896287105460033,-12.082904771233304,0.7292138748618981,-11.973894069431026,28,0
265,265,35,19,958700,49,0,709.8493731521788,1954.4531136395065,0.0,-13.430975616769727,5.9693224963422145,-28.35428185762476,10.446314368598905,-34.323604353967085,16.415636864940893,-26.861951233539447,16.415636864940893,-26.861951233539447,16.415636864940893,-26.861951233539447,48,0
266,266,7,19,751591,8,6,897.5767453301703,1710.7252120757682,-3.2972810813934075,-0.263975404215671,-2.8072758771559165,2.3239203440225538,-7.697154426324348,7.802147551660028,-16.2485985352738,16.3449477460083,-24.170490515502024,18.31157027645736,-32.16477309525442,24.92799322353403,25,0
267,267,12,19,751910,21,0,516.7250759370619,1914.6966877463253,-0.31803166243003034,-3.2699446049964536,3.464478131734153,-2.890854179002872,4.717389074238554,-1.9207780334240847,0.5183332108117611,-10.11421646234453,-4.204266252084153,-18.079865619639573,-11.7240652715048,-25.044263170184426,13,0
268,268,1,19,749818,1,0,128.07764727952778,649.7948474528358,-7.842215010290572,-7.6273915961098755,-15.82917425471183,-16.13896297005067,-15.490503944057352,-22.145544094432353,5.794240366604441,38.02376959807077,3.458391866062044,16.054290668363365,-2.0156003812493,25.84664918290844,10,0
269,269,5,19,958013,13,11,724.7726793930341,744.1729775061459,-1.4923306240855254,0.0,-1.4923306240855254,0.0,4.5236798825993665,4.77259710434771,-1.4923306240855254,5.9693224963422145,8.953983744513152,-7.461653120427628,2.984661248171052,-5.9693224963421025,18,0
270,270,53,19,749503,28,27,590.5442288368566,459.50892913801016,-0.9369831420042374,-1.2587581805851755,-0.17428300635299365,-1.3902872230578396,4.0529213916975095,3.603388314452161,7.634171355837793,5.530834428813421,11.721332590094905,3.2062986561466005,1.1328152393077744,14.73866017698117,9,0
271,271,48,19,957815,34,0,923.252652396409,121.87110726248238,4.47699187225669,4.476991872256548,4.47699187225669,4.476991872256548,2.984661248170937,4.476991872256548,7.461653120427513,13.4309756167697,11.938644992684205,19.400298113111802,7.461653120427513,13.4309756167697,23,0
272,272,1,20,785152,1,0,131.53603914558985,665.8491381211991,0.4745752025532681,0.2909588462632655,-3.0179882531769806,0.8859792897086436,-5.473992247311344,9.792358514545072,-3.072474964391916,62.74051950851651,-6.652188950789237,57.31240467187911,14.242530395289268,72.83772062722585,10,0
273,273,8,20,785690,10,0,1196.9988737497474,996.5980302128077,1.5914248871654308,-0.1896545732597588,2.236793381519192,-0.6887770651652545,-3.2794465147696883,2.345080967798026,-11.054871157462456,12.763557252283249,-2.788874454307233,4.515998625984139,9.400797835868387,-6.397757745147942,12,0
274,274,0,20,784991,16,14,1816.3730373112005,555.190840143978,-0.1612517528008084,-1.4838822013167599,0.8728570822092934,-0.11148122204542688,1.9188425854079008,0.10901070180227634,5.182680737118744,4.339797950179444,7.86384040979533,10.134227059522233,12.404007349718995,17.993027063579916,28,0
275,275,48,20,957851,34,0,935.1912973890933,141.27140537559418,0.0,-1.492330624085497,-2.984661248171052,-4.4769918722566056,-4.47699187225669,-5.9693224963421025,-5.969322496341988,-5.9693224963421025,-7.461653120427513,-7.461653120427599,-7.461653120427513,-7.461653120427599,23,0
276,276,34,20,785181,48,0,0.0,684.0051300384753,0.0,2.000015000112626,0.0,2.000015000112626,0.0,7.000052500393847,0.0,-2.0000150001123984,0.0,-15.00011250084367,0.0,-18.000135001012378,46,0
277,277,5,20,958040,13,11,733.7266631375473,736.7113243857183,-5.9693224963421025,4.47699187225669,-4.476991872256576,5.969322496341988,-5.9693224963421025,1.4923306240855254,-7.461653120427628,10.446314368598793,-5.9693224963421025,13.43097561676984,-8.953983744513152,26.86195123353957,18,0
278,278,53,20,784851,28,27,602.2655614269515,462.7152277941568,1.8761478266418408,5.137460350849722,-1.6826689285159093,4.827870910170816,-10.588517350787127,11.53236152083457,-16.348687099247964,19.06980628394126,-24.61924831610236,21.330342336681106,-39.674339061599774,0.4573002488879752,9,0
279,279,50,20,959378,55,0,1292.5101138916411,1991.5155836094416,0.0,0.0,0.0,-3.0000234751837525,0.0,-3.0000234751837525,-12.000093900734782,-3.0000234751837525,-15.000117375918762,18.000140851101833,-24.000187801469565,18.000140851101833,50,0
280,280,35,20,958736,49,0,726.2650100171196,1927.5911624059668,0.0,0.0,0.0,0.0,0.0,0.0,43.277588098480244,23.877289985367952,59.693224963420896,32.83127372988156,126.84810304726956,47.75457997073658,48,0
281,281,37,20,785512,54,0,1978.6401056216794,890.2576049847023,30.795508679282648,32.268538560289244,0.0,0.0,0.0,0.0,0.0,0.0,0.0,0.0,0.0,0.0,49,0
282,282,0,20,784622,15,14,1881.723566389333,307.29036541936614,1.317187812709335,-0.12959519282497922,2.454017226224096,0.6249945823710163,3.5145828121676463,-2.371038064328104,5.2110185427925435,-3.8223639542524097,12.818464909807062,-13.251846857831024,5.7912034137405035,0.21204078696246145,27,0
283,283,12,20,787234,21,0,512.5208096849776,1896.6168221266864,-2.936219852854265,-1.3892022437867126,-2.0948161210695275,-1.093502101011154,-7.519799019420644,-6.964397550544845,-4.49113391942916,-0.97677107828531,5.189756812882023,-0.2650845792195469,15.910000050669735,-2.77069671001982,13,0
284,284,7,20,787001,8,6,873.4062548146683,1729.0367823522256,-0.06865453970249291,1.0372621224962586,-0.6251077407371213,1.3716033043094742,-7.994282579752394,6.616422947076671,-6.049982697470227,7.984162547827964,5.840238399274654,1.9199141256478924,6.3640586470608005,-5.936204392962964,25,0
285,285,55,20,959666,53,0,293.5022966554713,26.50020736412262,-5.734655440811991,-13.496066955355758,-10.024152649553967,-13.808386391744795,-3.969049917127904,-15.802252191868575,0.0,-9.000070425551069,-9.000070425551089,-9.000070425551069,-9.000070425551089,-12.000093900734768,51,0
286,286,0,21,823115,15,14,1894.5420312991407,294.0385185615351,-7.693267788309868,7.218199867025987,-7.571864164661293,8.797190918657007,-7.027261496066557,13.463887644793491,-2.7668038712261023,8.404594215295733,-2.7668038712261023,8.404594215295733,0.217857376945176,3.927602343039154,27,0
287,287,1,21,823811,1,0,124.88385019480059,723.1615427930783,2.3599024730740865,-1.4305966231860343,4.877974192703576,1.7962176098467353,20.894719346078503,15.52531595534674,17.879885804879095,25.488426585324426,4.4489101881093935,52.350377818863876,-28.382363541772122,21.01143471306773,10,0
288,288,40,21,824093,57,0,1981.574106250492,915.7312153450207,57.4411863642033,27.275857208023012,0.0,0.0,0.0,0.0,0.0,0.0,0.0,0.0,0.0,0.0,52,0
289,289,50,21,959448,55,0,1277.5099965157226,2009.515724460544,-3.0000234751832977,3.00002347518398,-3.0000234751832977,3.00002347518398,-9.000070425550803,0.0,-15.00011737591808,-3.0000234751828434,0.0,0.0,0.0,0.0,50,0
290,290,53,21,823445,28,27,577.6463131108492,484.0455701308378,-8.642856058608459,-4.303624251251165,-12.818895786329108,-5.007206717279189,-15.05509074549741,-20.873042087793127,-21.171370673574415,-30.972382683138328,-24.57028943034072,-40.0124144595905,-18.02020859065817,-32.252180185529824,9,0
291,291,8,21,824237,10,0,1194.20999929544,1001.1140288387917,0.2881456030470417,-2.005156889890713,7.759670177592852,-7.272315859505966,12.189672290175624,-10.91375637113208,1.744944164452818,-5.105595348184579,-11.994211030174938,11.415724627148617,-9.348563401517142,8.506098088716383,12,0
292,292,55,21,959712,53,0,284.5022262299202,17.50013693857155,0.0,0.0,0.0,-3.0000234751836987,0.0,-3.0000234751836987,-6.000046950367391,-3.0000234751836987,-30.00023475183701,-3.0000234751836987,-21.00016432628587,-6.000046950367391,51,0
293,293,48,21,957887,34,0,927.7296442686657,133.8097522551666,0.0,0.0,0.0,0.0,0.0,0.0,0.0,0.0,-1.4923306240857528,-1.4923306240855254,-2.984661248170937,-16.415636864940797,23,0
294,294,7,21,825342,8,6,879.2464932139429,1730.9566964778735,-6.1589018187120255,9.647083301182194,-4.237367451921956,9.342746928646195,0.5238202477861478,-7.856118518610858,-4.030891635580929,-4.062656460203924,-47.00998949979226,35.03892785174912,-14.391162624946332,24.61706629560786,25,0
295,295,5,21,958076,13,11,727.7573406412051,750.1423000024881,-1.4923306240855254,2.984661248170937,-5.969322496341988,7.461653120427513,-2.984661248171052,13.430975616769727,-5.969322496341988,23.87728998536841,-10.446314368598447,19.400298113111717,-5.969322496341988,17.907967489025964,18,0
296,296,35,21,958773,49,0,785.9582349805405,1960.4224361358483,7.461653120427628,-1.4923306240857528,20.892628737197693,4.476991872256349,67.15487808384864,14.923306240855027,117.98519529907207,22.57274998263847,127.64585091987124,3.021784479738699,0.0,0.0,48,0
297,297,34,21,823728,48,0,0.0,669.0050175376315,0.0,-2.000015000112512,0.0,-2.000015000112512,0.0,-3.000022500168712,0.0,-14.000105000787585,0.0,-23.000172501293715,0.0,-21.000157501181096,46,0
298,298,0,21,823539,16,14,1824.236877720996,565.3250672035002,0.6828934279155874,3.016795033195308,2.6550853720241316,6.38410122630728,4.540166939923665,7.8588000040576835,3.681490243375493,9.38297445078183,4.102629604717095,16.589415263674823,0.6207696672029215,17.702948241612376,28,0
299,299,12,21,825587,21,0,517.7105664978596,1896.3517375474664,1.8764573850805848,-3.3961642949113866,4.873344485869211,-4.07013689554924,10.720243237787713,-2.505612130800273,17.136185442760052,22.091653473381253,35.59472707647637,44.458724706132,60.63580130957757,51.54341366030418,13,0
300,300,53,22,861450,28,27,553.0760236805085,444.0331556712474,2.8871968272977715,4.406189401524101,6.098745060278474,5.740736195997442,6.550080839682551,7.760234274060679,9.136840636406305,18.22854092700544,11.485640591966671,25.211785268903945,7.214538827399111,19.11285614613263,9,0
301,301,8,22,862359,10,0,1182.215788265265,1012.5297534659404,0.1072873844118476,-1.2099365595308882,1.564368197123258,-0.9176566936123436,2.6456476286577986,-2.909626538432235,13.394143646034081,-8.836534097841877,14.971750554452456,-12.138410198833073,17.365476248563255,-16.2032429982479,12,0
302,302,12,22,863894,21,0,553.305293574336,1940.8104622535986,3.896928399241801,5.046902906988862,9.985827616620554,7.428118074361464,25.041074233101202,7.0846889541721785,59.48174551035458,37.77272739781961,0.0,0.0,0.0,0.0,13,0
303,303,35,22,863919,49,0,913.6040859004116,1963.4442206155868,0.0,0.0,0.0,0.0,0.0,0.0,0.0,0.0,0.0,0.0,0.0,0.0,48,0
304,304,34,22,861742,48,0,0.0,646.0048450363378,0.0,1.000007500056313,0.0,3.000022500168712,0.0,2.000015000112626,0.0,-2.000015000112626,0.0,-10.000075000562447,0.0,-11.000082500618761,46,0
305,305,55,22,959786,53,0,254.50199147808326,14.500113463387851,-3.0000234751836388,0.0,3.0000234751837525,0.0,9.000070425551145,-3.000023475183692,9.000070425551145,-3.000023475183692,21.000164326285926,-3.000023475183692,3.0000234751837525,0.0,51,0
306,306,41,22,863781,58,0,1972.4214646274288,1849.0886990106635,-6.663608447986008,0.8161584710958323,-14.310604156687761,1.2109680698911234,-18.40955355495521,-2.7437195807319767,-42.441671125224964,-6.2687503973277225,-37.65862027258709,-0.14883531514237802,-29.745468877941214,14.076384085143216,53,0
307,307,0,22,957286,15,14,1891.7752274279144,302.44311277683084,0.0,0.0,2.984661248171278,-4.476991872256576,2.984661248171278,-4.476991872256576,4.476991872257488,-4.476991872256576,2.984661248171278,-4.476991872256576,2.984661248171278,-4.476991872256576,27,0
308,308,48,22,957923,34,0,926.2373136445799,132.31742163108106,-1.4923306240851844,-4.476991872256591,-1.4923306240851844,-4.476991872256591,-1.4923306240851844,-14.923306240855267,-1.4923306240851844,-7.461653120427643,-1.4923306240851844,-7.461653120427643,-1.4923306240851844,-7.461653120427643,23,0
309,309,5,22,958112,13,11,717.3110262726068,769.5425981155998,0.0,0.0,5.969322496341874,-1.4923306240857528,4.4769918722564634,-1.4923306240857528,5.969322496341874,-1.4923306240857528,5.969322496341874,-1.4923306240857528,4.4769918722564634,-1.4923306240857528,18,0
310,310,0,22,861628,16,14,1828.339507325713,581.9144824671749,-0.9869156514293992,1.1886986097212002,-1.7612907891921168,-0.22035992801772866,-3.4818599375141734,1.1135329779375525,-2.8252226764352595,-2.4099478441916062,-2.8252226764352595,-2.4099478441916062,-6.825253976680415,5.590114756298362,28,0
311,311,1,22,958196,1,0,129.33276038290998,775.5119206119423,-27.04858518035739,-19.037681406212528,-34.34122812029965,-18.34257096949636,-32.831273729881524,-31.338943105796147,-65.66254745976305,-56.70856371525008,-85.06284557287486,-65.66254745976336,-129.33276038290998,-64.50658807194793,10,0
312,312,7,22,863667,8,6,832.2365037141507,1765.9956243296224,-5.269893220343307,9.66946551972319,-5.663885773412403,14.572449801151151,32.61882687484592,-10.421861556141266,57.61122271779654,-21.38271756763993,56.32379482694148,-41.029499765178116,58.88655241306107,-45.21497580245228,25,0
313,313,0,23,957322,15,14,1894.759888676085,297.96612090457427,0.0,0.0,0.0,0.0,0.0,0.0,0.0,0.0,0.0,0.0,0.0,0.0,27,0
314,314,8,23,900485,10,0,1197.1875388197175,1000.3913432671072,2.152950218418028,-3.417152619666922,3.685267065006428,-2.4761455727851853,2.393725694110799,-4.06483279941483,0.672209853518325,-2.7241433734811835,-0.0367168845255037,-0.8047442485838019,0.0,0.0,12,0
315,315,48,23,957959,34,0,924.7449830204947,124.85576851065342,0.0,0.0,0.0,0.0,0.0,0.0,1.4923306240851844,-1.4923306240855112,1.4923306240851844,-1.4923306240855112,0.0,0.0,23,0
316,316,34,23,899847,48,0,0.0,636.0047700357752,0.0,-2.000015000112512,0.0,-1.000007500056313,0.0,-1.000007500056313,0.0,-2.000015000112512,0.0,-5.0000375002812225,0.0,0.0,46,0
317,317,5,23,958148,13,11,723.2803487689488,768.0502674915141,0.0,0.0,0.0,0.0,-1.4923306240854115,0.0,-5.969322496341874,-1.4923306240851844,-4.476991872256576,4.476991872256916,0.0,0.0,18,0
318,318,35,23,958848,51,49,866.5440886811591,1979.82273424896,0.0,0.0,0.0,0.0,-1.492330624085639,0.0,-40.29292685030929,-19.400298113111827,-37.30826560213825,-23.87728998536818,0.0,0.0,54,0
319,319,41,23,902033,58,0,1934.7628443548413,1848.9398636955207,4.519374438583783,4.022385899608935,7.32459611659624,7.486850044704398,7.913151394645865,14.225219400285598,-4.814436380562938,21.2656385296616,-27.383781566280504,34.1831712522403,0.0,0.0,53,0
320,320,35,23,902161,50,49,934.6522884856247,1931.2083833823199,3.987031090148093,-2.4374510262830427,6.603078268238164,-1.2012752124305734,0.8760135526530348,2.22642583426682,14.925976474022605,-2.1370425430045543,18.99488840802803,-14.44259721672347,0.0,0.0,55,0
321,321,1,23,958226,1,0,44.269914810035104,709.8493731521788,-2.476164956795458,-10.329272281636237,-6.1406781391483625,-4.5672549735414805,-44.269914810035104,1.1559593878154146,-44.269914810035104,11.156034388377748,0.0,0.0,0.0,0.0,10,0
322,322,53,23,899629,28,27,564.5616642724751,469.2449409401513,-0.5317506401956962,1.2078498810017777,-2.500625020509233,-2.7820706973059828,-4.271101764567561,-6.098929122771324,-3.7109498033206574,-9.638497628585585,-11.555366531402454,-15.149354508728607,0.0,0.0,9,0
323,323,7,23,901866,8,6,888.5602985410923,1724.9661245644445,-0.34875174100091044,0.6554325183672063,0.2251815415228293,-1.9700266358606768,2.5627575861195737,-4.185476037274157,13.603336274517686,-7.598707832865102,18.671463077823997,-17.65528863996815,0.0,0.0,25,0
324,324,0,23,957217,16,14,1825.5142846492777,579.5045346229834,0.0,0.0,0.0,0.0,-4.000031300245155,8.000062600489969,-4.000031300245155,8.000062600489969,-0.893935305212608,7.973727354182301,0.0,0.0,28,0
325,325,55,23,959856,53,0,275.5021558043692,11.50008998820416,-15.000117375918474,3.000023475183692,-15.000117375918474,3.000023475183692,-18.000140851102177,3.000023475183692,-18.000140851102177,0.0,-21.000164326285926,6.000046950367391,0.0,0.0,51,0
326,326,0,24,957256,16,14,1824.6203493440646,587.4782619771657,0.0,0.0,0.0,0.0,0.0,0.0,0.0,0.0,0.0,0.0,0.0,0.0,28,0
327,327,35,24,940353,50,49,953.6471768936528,1916.7657861655966,0.0,0.0,0.0,0.0,0.0,0.0,0.0,0.0,0.0,0.0,0.0,0.0,55,0
328,328,7,24,940062,8,6,907.2317616189163,1707.3108359244766,0.0,0.0,0.0,0.0,0.0,0.0,0.0,0.0,0.0,0.0,0.0,0.0,25,0
329,329,8,24,938926,10,0,1197.150821935192,999.5865990185234,0.0,0.0,0.0,0.0,0.0,0.0,0.0,0.0,0.0,0.0,0.0,0.0,12,0
330,330,0,24,957358,15,14,1894.759888676085,297.96612090457427,0.0,0.0,0.0,0.0,0.0,0.0,0.0,0.0,0.0,0.0,0.0,0.0,27,0
331,331,41,24,940331,58,0,1907.3790627885608,1883.1230349477605,0.0,0.0,0.0,0.0,0.0,0.0,0.0,0.0,0.0,0.0,0.0,0.0,53,0
332,332,48,24,957995,34,0,926.2373136445799,123.36343788656792,0.0,0.0,0.0,0.0,0.0,0.0,0.0,0.0,0.0,0.0,0.0,0.0,23,0
333,333,5,24,958184,13,11,718.8033568966922,772.527259363771,0.0,0.0,0.0,0.0,0.0,0.0,0.0,0.0,0.0,0.0,0.0,0.0,18,0
334,334,35,24,958884,51,49,829.2358230790209,1955.945444263592,0.0,0.0,0.0,0.0,0.0,0.0,0.0,0.0,0.0,0.0,0.0,0.0,54,0
335,335,34,24,938275,48,0,0.0,631.0047325354941,0.0,0.0,0.0,0.0,0.0,0.0,0.0,0.0,0.0,0.0,0.0,0.0,46,0
336,336,55,24,959928,53,0,254.50199147808326,17.50013693857155,0.0,0.0,0.0,0.0,0.0,0.0,0.0,0.0,0.0,0.0,0.0,0.0,51,0
337,337,53,24,938033,28,27,553.0062977410727,454.09558643142265,0.0,0.0,0.0,0.0,0.0,0.0,0.0,0.0,0.0,0.0,0.0,0.0,9,0
