TRACK_ID,FRAME,ID,track_id_unique,track_id_parent,pos_x,pos_y,dt1_n0_dx,dt1_n0_dy,dt2_n0_dx,dt2_n0_dy,dt4_n0_dx,dt4_n0_dy,dt8_n0_dx,dt8_n0_dy,dt12_n0_dx,dt12_n0_dy,dt16_n0_dx,dt16_n0_dy,track_id_unique_pred,track_id_parent_pred
1,0,7602,1,0,1840.5199318791265,762.1452659380514,-56.464635120401,-25.548739264025357,-98.07223138218023,-40.299098438654475,-104.69745506692881,-25.0905193404634,-163.79907788286278,-3.505182594201642,-330.1580076349024,-0.8404250304605512,-494.1995339622017,-112.17453271574959,1,0
8,0,5108,6,0,1246.555590368909,204.490822707402,-7.1680391337527,-6.524244665637242,2.983894029637668,-9.642338731944506,10.184200570785606,-10.740967793209505,35.53829990404597,-13.210705157628212,50.8108800343059,-15.723012479096127,59.29015743055606,-17.565368685359033,2,0
5,0,7352,13,0,286.7643030334256,666.9712321507591,31.26243596371904,17.178119178858882,74.00925609925622,4.312234111875682,150.46190925692218,-61.08409345131861,163.80998137580173,-274.37071318681103,-68.51109493589863,-320.4102784766457,-163.83328398009746,-262.3249275482982,3,0
2,0,6522,4,0,329.1402766920528,459.3586100013188,-23.704066390467354,-5.312624457533161,-24.76153727217246,-9.902586648319414,-16.65646602096581,0.3574151800179948,-26.401865141494056,3.161318666390912,-93.19612728930296,24.0291034394628,-97.60164443042015,67.07123303026833,4,0
6,0,8859,5,0,999.8324232544107,1210.5994329900768,-10.434330948468642,-12.344008933098396,4.273514480733297,-25.42186546342009,36.99167576987156,-31.99808908768796,128.18282112464635,-47.2972009275652,202.62678803941319,-55.29091642348954,298.75027206276127,-51.48955105540881,5,0
7,0,9611,10,0,800.4966564388831,1522.5919919167848,-16.185899370276953,-20.368885079462412,-28.15394034832616,-45.464299102673074,-61.940073405735006,-119.84924868195641,-48.40108903736302,-236.37799738100492,-35.44000502825395,-355.5597978214418,-29.985601558597974,-378.8371673819213,6,0
9,0,7819,14,0,451.4442097474463,866.3015384368013,-10.198328903293882,7.394272790589525,-5.141481880588572,8.20324404110886,-1.5949811706682342,10.039919590376485,13.605023370637241,-16.92333586965674,19.70508261321902,-136.85665096534046,-19.757001618137334,-244.0261009486435,7,0
4,0,7565,7,0,51.62598598848962,752.3039956571544,-19.994213376390984,-7.889549696621543,-24.012120005037218,-15.242579273940578,-51.62598598848962,0.7016518852019544,-51.62598598848962,1.7016593852583808,-51.62598598848962,64.70213188880234,-51.62598598848962,118.70253689184004,8,0
2,1,42054,4,0,235.9441494027499,483.3877134407816,-5.328936728729872,10.1445054905397,-12.360256241695113,18.037616613621253,-4.405517141117201,43.04212959080553,-3.8288745104664774,66.97399801556492,-7.001455742347474,76.0915860706574,27.744969277345806,82.85492803846716,3,0
4,1,42602,7,0,0.0,817.0061275459567,0.0,11.000082500618534,0.0,18.000135001012495,0.0,54.00040500303771,0.0,95.00071250534359,30.080047263448886,155.0369460153736,42.1833459492414,174.86073886298854,8,0
7,1,43244,10,0,765.0566514106291,1167.0321940953431,-8.721931658154062,-6.658709367978872,-7.058371281459357,-16.041502257634875,5.454403469655971,-23.277369560479432,50.81596823341795,-13.867945297591861,106.5161846805371,11.682523487302888,163.1664962867817,47.497833988772534,6,0
6,1,43218,5,0,1202.459211293824,1155.3085165665873,25.740375692527774,-0.7275476845154571,55.5109339357798,3.151199233020634,96.12348402334807,3.801365368080724,174.17510954197655,9.225615202312156,242.13808657621075,-18.168229478621694,293.72963584460126,-30.82070686326415,5,0
5,1,41779,13,0,218.25320809752688,346.56095367411336,-35.81742607163528,8.433219558999099,-64.10825275699347,22.230344820518102,-95.32218904419884,58.08535092834751,-134.30386327327005,83.86792211995646,-88.29359206633828,7.902103787338035,73.31863328039478,51.60291454947259,4,0
0,1,44691,16,0,1863.069885118827,1960.0411299881484,-0.410775369838575,21.92064850537986,7.593283669706807,35.777628762451506,3.5563973045398143,23.698509522674843,-7.100352551567539,-0.07254629491717424,-13.550157290276275,-29.763912575962195,-25.504168668785496,-34.606674010992954,9,0
9,1,42458,14,0,471.1492923606653,729.4448874714609,-9.194247869492813,-40.409609106383535,-21.72121572815263,-68.85484381391268,-39.46208423135636,-107.16944998330301,-123.5695077562487,-125.05018576718136,-169.1756314929927,-79.14579570999501,-184.46911945271077,-64.43610123730002,7,0
3,1,41661,15,0,1904.431126926679,261.20192880156685,-4.307635047658779,20.132262161830173,-2.208252642171601,44.48571956536085,2.8530968644154195,86.32941324920097,32.909942471915194,113.43678351091052,43.15520631967638,117.72359788576557,60.33406920369247,121.34065505262322,10,0
1,1,42525,1,0,1510.361924244224,761.3048409075908,-31.00078753965181,-4.6171764935803585,-42.71584485316657,-15.84869433900269,-164.04152632729938,-111.33410768528904,-210.8644160661329,-124.15102586236308,-268.8877558432407,-207.71463236098512,-271.44236438880057,-254.17666670367916,1,0
8,1,41566,6,0,1297.3664704032146,188.76781022830585,1.2424758019615183,-0.39382453855481,2.993269770024199,-0.7499421472305983,8.479277396250154,-1.842356206262906,4.014883400251165,-13.72639114238197,35.006725516759616,-20.26583761091311,105.85937391554606,-33.196863739700746,2,0
5,2,92318,13,0,129.95961603118866,354.46305746145134,43.23441726345671,5.757689808485337,97.87189712146716,26.25064071291655,161.61222534673306,43.700810762134545,214.72459503480297,32.0412209625141,200.62240553034408,40.99252055188828,206.0346344999054,28.632366715403123,4,0
4,2,93377,7,0,30.080047263448886,972.0430735613304,-0.12167951245978514,7.135347628826821,0.8602391974473385,8.828427092081256,12.103298685792515,19.823792847614985,16.204154451214993,49.138561149455654,21.091185356747985,70.68431295690073,22.96352765039866,112.2927379823317,8,0
3,2,92359,15,0,1947.5863332463555,378.92552668733236,2.5183040766285103,-1.6067758667975343,8.512280874870385,0.5847318556773757,17.178862884016098,3.617057166857649,0.0,0.0,0.0,0.0,0.0,0.0,10,0
6,2,93596,5,0,1444.5972978700347,1137.1402870879656,16.817829810763442,-2.9467637078892035,26.72754003079945,-3.2697722707316643,51.591549268390516,-12.652477384642452,98.94032117075176,-37.71588412609322,161.32890296584603,-73.74255956499064,181.3071400907679,-83.93308412880742,5,0
7,2,93656,10,0,871.5728360911662,1178.7147175826458,14.918150711458225,11.067198125519779,31.048439291998196,21.597759775182112,56.6503116062446,35.81531050146964,98.83240136961308,65.24447128309316,149.397891074359,114.12248289424132,167.3360974160435,132.2650568996562,6,0
1,2,92645,1,0,1241.4741684009832,553.5902085466057,-4.352341573607191,-46.79418151277184,-3.7721837136064096,-46.69544473723226,-2.5546085455598586,-46.46203434269403,-25.79399532742809,-92.29081008208249,-93.24741707593377,-177.17355258261009,-80.97920600176327,-158.14871107225338,1,0
2,2,92649,4,0,228.94269366040245,559.479299511439,5.6613867235816135,0.4927645726668288,10.41884740485014,1.25118957674988,34.74642501969328,6.763341967809764,90.82559060506287,3.7116623012452687,124.40086842275696,13.157098716687985,152.14186379109574,3.6465499659583434,3,0
9,2,92796,14,0,301.9736608676726,650.2990917614659,-8.770422428890697,4.9429755950020535,-14.78078510648288,13.365077051543608,-15.293487959718052,14.709694472694993,-56.34936248153971,0.29319296254857363,-65.10712130199732,-30.75123464409285,-58.74548794461678,-46.712605969934884,7,0
0,2,94874,16,0,1849.5197278285507,1930.2772174121865,1.65039311982423,0.7519462343377654,1.77612924662958,5.343943579832967,-11.954011378509223,-4.842761435030752,-34.465572768512395,-46.43165639196922,-53.41429658185461,-66.71377999179572,-51.98106492615785,-76.04997506471955,9,0
8,2,92079,6,0,1332.3731959199745,168.50197261739274,4.745931631735402,-0.3147862759102225,15.2175521421525,-0.560126961550651,70.8526483987864,-12.931026128787634,176.58637828399102,-66.43905468497503,155.99357651301648,-68.2384775939837,151.05138327265013,-102.76700590436542,2,0
2,3,122941,4,0,353.3435620831594,572.636398228127,3.4447112564728286,-3.2133714624342247,9.310480604509394,-7.146966212350208,27.740995368338808,-9.51054875072964,70.32951799441236,-16.553306446950046,60.78997704849348,-31.1825611039294,66.33042274497853,-70.62233000552402,7,0
9,3,123030,14,0,236.86653956567528,619.5478571173729,-4.569266505415271,-2.2238227037254314,0.2949582037568632,-8.823733228674088,6.361633357380555,-15.961371325842038,-25.290648563782238,-44.288852831593196,-53.75295714218746,-80.91630928723488,-58.277358914323635,-70.10107280270017,3,0
0,3,125159,16,0,1796.1054312466958,1863.5634374203905,-1.4828745937079475,-8.415065696543024,-1.511287252861166,-13.24162072125,1.4332316556967726,-9.336195072923829,56.8113707063751,93.2869843030617,70.01887419566378,124.33252502067444,28.047920787353405,16.815475984486962,9,0
7,3,124169,10,0,1020.9707271655252,1292.8372004768871,3.997469439729457,6.875091071862017,9.283016491687476,12.427523639040599,17.938206341684467,18.142574005414872,0.0,0.0,0.0,0.0,0.0,0.0,6,0
8,3,122150,6,0,1488.366772432991,100.26349502340904,7.970522419077043,-28.52305060892955,-0.16079651931681838,-37.00430971613601,-4.9421932403663495,-34.528528310381716,-14.535712854042911,-65.67477964335441,-22.229586301625663,-73.71334700147173,-9.355679849796617,-100.26349502340904,2,0
1,3,122643,1,0,1148.2267513250495,376.4166559639956,2.059778260324265,8.467529167783255,5.848104299043372,8.425447034599188,12.268211074170495,19.024841510356733,8.149766492012304,21.93423513685832,-11.923351819398933,-5.465464247087481,-35.16825560825282,-34.12280590989951,1,0
5,3,122666,13,0,330.5820215615328,395.4555780133397,-7.142585946521648,-6.566637393888584,-5.314210504919232,-9.910167326784688,5.412228969561284,-12.360153836485155,-67.31337452131051,-8.290031292810284,-64.75320591475797,-1.988228860294157,-75.51288309003706,23.54819104611488,4,0
4,3,123745,7,0,51.17123262019687,1042.727386518231,-0.9879386336514102,8.171003395215166,1.021970681802031,23.66404926396945,1.872342293650675,41.60842502543096,10.063194205451317,100.19618347367054,27.003588272996982,129.6342374810065,28.722960498264637,145.03201080626832,8,0
6,3,123779,5,0,1605.9262008358808,1063.397727522975,7.1746546970789495,-1.37448543180426,11.790907833218625,-1.8852959209662004,19.978237124921858,-10.19052456381678,24.362664200418976,-6.5516999918238525,35.3596276670121,-12.235967103346637,54.75668899201583,-17.20347713576166,5,0
9,4,163587,14,0,183.11358242348786,538.6315478301382,3.789658567078845,6.3941866396766045,-11.076434866474356,3.247457812502148,-4.524401772136173,10.815236484534692,-13.270807192093796,4.0058730937142855,7.5713032306838395,8.347366686220651,14.586713253944339,-1.0409412258354678,3,0
6,4,164486,5,0,1641.2858285028929,1051.1617604196285,5.506315351942476,-2.7766569077641634,8.771068779978577,-3.740237933979415,19.397061325003733,-4.967510032415022,54.50005122546304,-16.014752903769704,82.55041635726435,-29.575009806361088,112.39540096477549,-46.46116359996881,5,0
4,4,164677,7,0,78.17482089319384,1172.3616239992375,-3.769220501506752,1.273598874833624,-5.3858295742033135,2.514234792502066,1.719372225267648,15.397773325261824,11.619316752409716,31.411851547073642,32.16281800584028,45.04468749227749,41.47266961594352,74.83900721013651,8,0
2,4,163589,4,0,414.1335391316529,541.4538371241974,-1.2301886329956346,-14.599140787165195,-0.7102520697691261,-25.696118030699612,5.540445696485051,-39.43976890159462,22.31243555184369,-62.87570831165596,27.61653273009341,-84.3895998515585,13.272471192794173,-142.80466803007903,7,0
1,4,163348,1,0,1136.3033995056505,370.9511917169081,-4.131117858491962,-8.366121596667313,-14.907972501213633,-16.257534964437472,-23.24490378885389,-28.657341662812033,-6.204176014656923,-23.70880603964201,-55.818921683845474,-59.59609099883061,-95.54416355125863,-80.22351424516431,1,0
7,4,164770,11,10,947.9729487621803,1228.9652974884355,-4.523664864935314,-8.67211843966993,-9.063008761390163,-9.618376877160474,-18.38608443779276,-20.71194181650753,-6.231344450234588,-27.36665806261408,4.734706034114083,-22.722896438102225,26.965449849034485,-35.09399154431412,11,0
8,4,162790,6,0,1466.1371861313653,26.550148021937307,3.4373368144133565,-2.9030235105680653,6.974686104071907,-11.075486634312004,12.873906451829045,-26.550148021937307,0.0,0.0,0.0,0.0,0.0,0.0,2,0
7,4,165034,12,10,1100.8587533804036,1381.6578325208588,18.87021443082972,19.05377839901917,31.965194815149523,26.221993186559075,46.6178847317874,34.78873404707019,53.45092522913024,40.812486250052864,42.75420714157508,59.37240367494428,25.4739296684802,103.0285848329738,12,0
0,4,166058,16,0,1866.1243054423599,1987.895962441065,-9.110377837902886,-35.88132233126407,-20.01825810722289,-59.82629631220448,-41.970953408310386,-107.51704903618747,-69.14727899021386,-148.25209306645183,-89.12190594537401,-174.3618526402984,-97.25831217641962,-182.41045583748928,9,0
5,4,163368,13,0,265.82881564677484,393.4673491530455,-5.7708871107947735,-4.499232188054805,-6.196424850055792,0.6756169816694637,-10.75967717527908,25.53641990640904,9.548775837605886,58.67109866362426,6.348507931075801,88.40504084516157,-1.1223293413171405,85.30885612398731,4,0
7,5,205619,11,10,952.7076547962944,1206.2424010503335,3.8240572110951234,-0.07232078074343917,5.1547727502334055,-0.008298183116266955,22.230743814920398,-12.371095106211893,71.61974245854958,-21.463059221997355,96.28657601229952,-29.36590974368892,145.41259623815515,-16.796454541539788,11,0
2,5,204368,4,0,441.7500718617463,457.06423727263916,1.5457170485097436,-7.622940052833201,-1.438048504506753,-23.05513515144725,-14.34406153729924,-58.41506817852053,-22.919664558129625,-83.23866413759396,-40.124886377937905,-98.21568563230022,-66.86362161157132,-87.70897818937271,7,0
5,5,204389,13,0,272.1773235778506,481.8723899982071,3.90240199713088,-2.7121920320727213,-3.374933209010635,-3.1317246922042163,-7.470837272392941,-3.096184721174268,-0.4878596515105755,-6.933089623975548,12.134907608924946,17.85460436136566,10.702603479008246,42.48831207337656,4,0
7,5,206027,12,10,1143.6129605219787,1441.0302361958031,0.37115461880807743,11.028767873220888,-5.203399141162207,35.15998293730854,-17.280277473094884,43.65618115802954,-31.525724674427465,62.109088212564075,-34.32988365297638,102.89607524022472,-25.61619884117158,130.17513967371974,12,0
4,5,205627,7,0,110.33763889903412,1217.406311491515,0.798854295177776,8.411535508230372,6.350784661179787,14.195353240512985,9.309851610103236,29.794319717859025,19.101853625592824,83.94149236769455,0.0,0.0,0.0,0.0,8,0
6,5,205288,5,0,1723.8362448601572,1021.5867506132672,8.876094561886475,-5.946139934365988,14.749518149557387,-8.210780121745415,29.844984607511147,-16.886153793607722,66.59288268444834,-39.91693829862379,113.0173117560812,-67.66937977730744,220.95975213025554,-153.73356725429824,5,0
1,5,204184,1,0,1080.484477821805,311.3551007180775,-4.3809313795916305,-3.5003603379439028,-18.20434721597985,-1.2579971888955015,-39.72524186741316,-20.627423246333706,-41.456403711911655,-6.145210241738539,0.0,0.0,0.0,0.0,1,0
11,5,204350,19,0,1789.4647556791858,442.98095044878187,8.734810041354423,4.131503535794876,11.599965151147215,-1.979270144585314,15.699659747396481,-2.052280131386908,166.4410947171284,-2.1773166178914494,0.0,0.0,0.0,0.0,13,0
10,5,206301,20,0,0.0,1617.0121275909567,0.0,3.0000225001685976,0.0,6.000045000337651,39.39597133931817,30.43385101897502,61.52618381208247,55.38104139192046,85.40943119822981,80.61249899298265,105.70852047507441,87.45383653715704,14,0
0,5,206653,16,0,1777.0023994969858,1813.5341098007666,-2.8542878944790573,-1.6862866732687962,-4.4337780741338975,-1.5465687366197471,-8.136406231045612,-8.048603197190914,-5.592454715418854,0.8704664509684791,-46.30040420860587,-79.42641510605745,-35.53427676424485,-65.71351550828149,9,0
9,5,204460,14,0,190.68488565417167,546.9789145163588,1.7271051349356128,1.385196870455502,5.0353238097092685,4.950208302129113,7.0154100232605,-9.388307912056119,1.7089956383208855,-57.18962119731872,-0.635053371029727,-85.20590785915658,0.0421983935470962,-95.14948248122057,3,0
6,6,245793,5,0,1836.8535566162384,953.9173708359598,20.456935439413652,-16.550422705554183,42.52777762976416,-31.99246397931881,107.94244037417435,-86.06418747699081,157.7812359796992,-126.85782110977163,163.82512862539738,-120.8869757640392,137.6369138230034,-44.16037171269943,5,0
0,6,247014,16,0,1730.7019952883802,1734.1076946947092,18.578356815326515,27.094014657017173,14.470050221799285,21.48101157906558,10.766127444361016,13.71289959777596,17.35789806504272,34.0339150127445,36.89856019519766,80.96575442639937,54.434769041663685,115.88737558736376,9,0
1,6,244708,2,1,1099.9773487526884,350.8222533810498,14.09112087973017,15.674038216100428,63.12319877024493,51.93842529354311,156.56599220995489,131.80967297628575,157.94332650779666,171.02276981518682,168.04731971990986,183.4320439766844,184.67544175223725,201.32972366447086,15,0
7,6,246058,11,10,1048.994230808594,1176.8764913066445,9.386115431481132,-0.6179422074292233,18.278631383386713,6.969842662059363,49.126020225855655,12.569455202149127,58.698482829010345,7.850590399891188,97.10701171087817,-11.698173064726912,115.11538836321573,-26.390621447573036,11,0
4,6,246282,9,7,154.36481177946845,1313.3132854663545,2.208121668961468,-34.267787951572245,26.786420874485486,-59.50588922419797,24.936057774212546,-87.43334878676205,68.68627338532033,-45.45314988891732,105.52797144375636,-21.898160803508745,124.99101499912523,-5.8765088308687154,16,0
5,6,244936,13,0,284.31223118677553,499.7269943595728,-4.5277128359478525,4.952960934283566,-4.200857452830404,16.098190370787112,-1.4323041299167016,24.633707712010906,15.876599319861386,35.75021231157615,35.694692682199445,56.462285307110214,34.70362788772036,70.81453804271648,4,0
10,6,246961,20,0,85.40943119822981,1697.6246265839395,8.711728785057872,-1.9426956131485438,11.783708260927169,2.1260706658886197,20.299089276844583,6.841337544174394,24.79473387582567,6.597031527408262,37.41860643956392,25.25112346221704,40.323543619830254,32.13656846821959,14,0
9,6,244881,14,0,190.04983228314197,461.7730066572023,-6.676531690610942,-6.9440381715364765,-1.7438301759115973,-0.7192055159687243,0.6772517645768232,-9.943574622063977,14.11142506445492,-9.948738450654673,42.20555727431861,-26.314498050730663,44.865452451583344,-57.647766944963344,3,0
7,6,246746,12,10,1109.2830768690023,1543.9263114360278,-3.0201780740926547,7.3542216044870665,-5.530275674680752,14.951188656232262,8.713684811804796,27.279064433495027,27.0143558654961,55.05470788057005,27.75134835035965,83.54039794725622,33.597515035715325,101.20818647710483,12,0
2,6,244730,4,0,401.62518548380837,358.8485516403388,-3.948828862097287,-0.2511551866074342,-9.652040956368467,2.315917118459197,-26.73873523363341,10.506707442927508,-108.23270326412056,6.963450115486921,-114.70157507422981,-12.07725958154822,-85.64839664360858,-0.583444393176137,7,0
4,6,246172,8,7,130.12019607884704,1239.059364830524,-5.920865600859032,-28.685620807343412,-11.759798438902125,-61.816941945880224,-31.96342568438689,-105.38486763407856,-39.430400664423864,-138.04877539012318,-45.88559655244123,-148.5537200616977,-47.27224682137837,-151.75206408640767,17,0
1,6,244572,3,1,1002.621996898904,266.8227496596986,-52.72823654400258,-23.83016593439189,-115.14885104208622,-57.094500080062254,-181.5994167524885,-103.76832425681845,-207.49114046741508,-184.05926597677052,-206.44590493859607,-225.55721215866487,-198.40049309137592,-224.58215301873508,18,0
2,7,284896,4,0,286.9236104095785,346.7712920587906,11.407212186638956,-2.9151340802818027,18.424227962792656,1.0069473539161322,29.053178430621248,11.493815188372082,63.741702176420354,29.48070616458449,97.96181779360519,42.822076583882,126.24312788924676,77.42774887961657,7,0
5,7,285248,13,0,320.006923868975,556.189279666683,-4.885035093712531,5.6852231797170125,-21.23234863749923,10.680538999950386,-0.9910647944790868,14.352252735606275,5.719306888988911,-16.059767788317114,-17.40098506620791,3.0696602871372534,-31.50125510963528,6.981664189090793,4,0
15,7,287049,25,0,0.0,1627.012202591519,0.0,3.0000225001688254,0.0,0.0,13.394252463564456,2.7113825251462917,44.84990363407041,-34.607934524185794,103.0032235712436,-47.7619819742697,148.6491314167811,-69.88345230403593,20,0
7,7,287050,12,10,1137.034425219362,1627.466709383284,-1.6648044941914577,-0.1336630260389029,5.727376613063142,2.6933699447370145,5.846166685355684,17.66778852984862,10.522152131585015,43.22989199561812,-26.638631374209357,62.22992405664718,-36.97421129293093,63.97375538678261,12,0
10,7,287179,20,0,122.82803763779371,1722.8757500461566,0.9087185281601506,0.5995360368626734,5.532411633124183,1.662976087035986,2.90493718026633,6.8854450060025565,-1.8705298114522575,44.119806565990295,23.608418617511944,50.232925479994485,26.468907932727408,32.24148027264573,14,0
4,7,286155,8,7,84.23459952640582,1090.5056447688264,1.514080756144338,-2.7397081940198404,0.6970210388050617,-5.502664962651807,-1.3866502689371458,-3.198344024709968,-3.0367639752476383,4.614953060280187,-4.815017715820432,-1.0897962624926552,-1.9629632805340693,11.776583912733713,17,0
7,7,286262,11,10,1146.1012425194722,1165.1783182419176,3.1374758614899747,0.2532136714751232,8.53659738417764,-1.7832729088438557,18.008376652337574,-14.692448382846123,26.87297621026937,-49.496633703778116,49.31621989194764,-85.81496665063445,68.47811305706205,-130.12624719516225,11,0
6,7,285751,5,0,2000.678685241636,833.0303950719207,-0.8129423919319834,6.612464657885084,-0.04768821232755727,15.29639265057767,-26.188214802393986,76.72660405133979,0.0,0.0,0.0,0.0,0.0,0.0,5,0
4,7,286462,9,7,259.89278322322485,1291.4151246628455,0.5342133105377229,11.239866998975911,5.9053924314346204,15.054985497547705,19.463043555368873,16.02165197264003,41.355830921428094,21.95246867749097,82.93822046759908,34.28585474191459,107.21570104075356,5.051374508759637,16,0
13,7,286943,23,0,24.73644606034936,1564.8208272966172,-7.941475248424016,1.0917929960553463,-11.529477078328588,2.277783288960336,-24.73644606034936,1.1909177914710654,0.0,0.0,0.0,0.0,0.0,0.0,19,0
1,7,285215,2,1,1268.024668472598,534.2542973577342,2.976552501957485,1.6539788837902734,7.517791742108103,10.733142988558484,16.628122032327386,17.897679687786535,79.07255537159631,101.37024041237396,108.76905631428257,119.19921212776137,122.7096395479232,129.74152035056022,15,0
1,7,284376,3,1,796.1760919603081,41.265537501033776,7.7784822511914635,-6.146876108157342,10.134607260726511,-5.69592288501596,8.04541184722018,0.9750591399297406,-17.453809388827718,5.856775093622276,-11.94707676329392,-23.356771279425693,-5.170159415813828,-41.265537501033776,18,0
0,7,287321,16,0,1767.6005554835776,1815.0734491211083,-12.153524494139447,-23.359675594082088,10.733093555117877,21.637107151202144,17.536208846466025,34.92162116096438,41.118406451140345,72.36244469621123,84.72174212287723,143.3127246743138,68.35194765427627,124.0657889858078,9,0
14,7,284825,24,0,2039.0152926146948,294.00220501653763,0.0,-14.000105000787528,0.0,-31.000232501743824,-26.37359344973243,-58.375775293926786,-40.581633475921315,-101.67569408409271,-51.09958711915215,-164.5369084983933,-51.37046210625726,-240.4574244034802,21,0
9,7,285051,14,0,232.25538955746052,435.45850860647164,4.376391568529783,-7.907667569468798,0.8393283928046174,-17.471438433255454,2.6598951772647297,-31.333268894232674,27.665593276498104,-20.179857794926136,38.37410083222432,-40.09536978167142,52.409012661572426,-62.52522990193978,3,0
15,8,334113,25,0,103.0032235712436,1579.2502206172494,15.035157259042776,-5.7729304346410135,22.18271138348004,-14.48751314044307,45.645907845537465,-22.121470329766225,99.53094527721916,-41.30233242735039,136.64940166232566,-105.6767266922168,151.80696178994086,-123.43990147819795,20,0
7,8,333344,11,10,1195.4174624114196,1079.3633515912832,4.626197997825784,-17.163435141919535,14.853091271007088,-27.286980924542828,19.161893165114407,-44.31128054452779,42.26243807918581,-76.93930528258569,50.78902651223189,-102.80615095898668,58.9098124260604,-129.12460169889758,11,0
4,8,333699,9,7,342.8310036908239,1325.70097940476,8.190426474830701,0.039167430262295966,16.200421019996668,-12.094496152580405,24.277480573154488,-29.234480233154954,31.987181806980573,-57.815611108894025,26.36256236552327,-61.64676348974081,13.694214522834955,-98.09970356414192,16,0
16,8,332268,26,0,1787.429570006358,459.6308492763305,-8.513997527184756,1.5151219864681025,-14.781800483478944,9.697077839026749,-46.90362900306991,23.183043650256142,-154.05232812787085,-11.417640828022511,-154.60690250183055,52.35142324463096,-123.04450121570221,94.9320511310479,22,0
2,8,332174,4,0,384.88542820318366,389.59336864267266,4.38735642858353,11.791776587774676,12.225965307855633,15.632817782456415,28.28131009564157,34.605672295734564,6.0702485387091665,97.78996011935992,20.193203073777,163.6779139730574,14.07554798057265,222.46603786201825,7,0
14,8,331691,24,0,1987.9157054955426,129.4652965181443,2.106520860151932,-20.042878769300515,1.8982488307117364,-38.17324015864628,-0.2708749871051168,-75.92051590508686,4.099234616508966,-129.4652965181443,0.0,0.0,0.0,0.0,21,0
7,8,334283,12,10,1110.3957938451526,1689.6966334399312,-1.0549498065809075,5.254541177804867,-3.7183871211450414,0.8907593255260053,-10.335579918721578,1.7438313301354356,-25.987799384149408,-23.49043544556412,-33.02002067727835,-4.1431178873083345,-29.397331022373237,11.706330851228133,12,0
4,8,333365,8,7,79.41958181058537,1089.4158485063338,0.5091775605432929,0.4507392131652068,0.6601596513575032,12.05785361197809,2.8520544352863624,12.866380175226366,6.314627185262892,15.3784062447794,11.764168295333107,26.046784023395507,26.52457880956673,43.52432224405379,17,0
10,8,334423,20,0,146.4364562553057,1773.108675526151,3.8400701988473145,-9.760038925390743,4.582314718531761,-14.954685617908352,2.86048931521546,-17.99144520734876,17.732146209874802,-26.465361597304764,26.347498046995554,-41.064378802002466,37.130891030568314,-51.25965503617408,14,0
9,8,332177,14,0,270.62949038968486,395.36313882480016,-0.27545277929226586,-9.906282357923146,1.2023804108563922,-17.673527643367663,14.034911829348118,-22.42986012026836,15.898244631814235,7.704337344125975,29.62497063604127,30.96294093555957,54.7192582110913,47.367389824097025,3,0
1,8,332607,2,1,1376.7937247868806,653.4535094854956,1.6439117525319489,-0.5590188134307255,10.216677791138638,3.5514180514609284,13.94058323364061,10.542308222798852,59.681750340416784,25.66178866034909,163.49762567572634,58.93693814971857,220.65887183078166,68.74498104165548,15,0
1,8,331513,3,1,784.2290151970142,17.908766221608087,-1.1359922269136862,-4.718095666031207,9.776939847648693,-17.908766221608087,6.776917347480094,-17.908766221608087,-4.6555770690645195,-1.677175363976307,-11.459933455237431,-11.695660286215494,-10.019340175903153,-1.006751355084095,18,0
0,8,334681,16,0,1852.3222976064549,1958.3861737954223,-5.633826188030981,-9.141137800177605,-5.609394682878702,-10.23951417219564,-16.369794468600958,-19.246935688506028,-30.911949334704328,-47.256608895364714,-37.336833837524864,-48.536545206058925,-85.43187750312813,-141.80936197808228,9,0
5,8,332443,13,0,302.60593880276707,559.2589399538202,-1.0047614225877055,-2.213281219391206,-3.2349344229918984,-5.035228986805919,-14.100270043427372,3.91200390195354,-7.115954463031358,41.20116734422652,-16.526431614649933,49.06761893256942,-34.7877445664127,38.223904208048346,4,0
1,9,368260,3,1,772.7690817417766,6.213105935392586,-1.3695006126527005,4.091967243519126,-4.619941946978884,1.5316167388252993,1.44059327933428,10.6889089311314,11.0681507954273,7.918163107869347,4.898939789069459,12.246326543702658,-4.7633216985763065,-6.213105935392586,18,0
1,9,369446,2,1,1540.2913504626072,712.3904476352143,23.46379582879058,2.039758499984828,29.760317931166806,5.680415274114808,57.16124615505532,9.808042891936907,90.1792884308029,10.480359636209528,143.09341438570004,16.816474010043866,158.9929558871006,22.425273822478747,15,0
10,9,371142,20,0,172.78395430230125,1732.0442967241486,6.355934178886629,-10.764676281261243,7.0412929356036225,-13.689097744779474,10.783392983572753,-10.195276234171617,18.373534161669312,-9.376340594381645,17.178171283762822,-2.4713592743357817,21.319915034586046,-8.371171746288383,14,0
9,9,368993,14,0,300.25446102572613,426.3260797603597,1.7102349562854895,3.691448762775224,5.118745151792439,15.159367821058481,25.09428757505003,16.404448888537445,26.470305054658237,34.407921747285855,32.301830482529226,57.368998894890005,18.216619561275593,43.71129080399993,3,0
16,9,369120,26,0,1632.8226675045275,511.98227252096143,17.63701236537736,11.654989356396127,25.61474381115545,16.9463524979912,31.562401286128306,42.580627886416956,49.25766374109912,2.6589110293339786,131.13171770599138,-14.301177853177874,230.9494899849897,-38.65665307446778,22,0
0,9,371405,16,0,1814.98546376893,1909.8496285893634,-0.5617412320552829,-7.835178354733671,-5.3851340340415845,-15.783369468532555,-48.09504366560328,-93.27281677202335,-112.5237595642818,-203.1123149586565,-104.85719887350388,-200.93433913948863,0.0,0.0,9,0
5,9,369257,13,0,286.0795071881172,608.3265588863896,2.988332866250971,-6.2302716470705946,-4.370369678970121,-8.281551508962025,-18.26131295176276,-10.84371472452108,-27.278786819121766,6.094136840514011,-42.761302510669225,11.495907158279353,-56.74791737604016,-3.455336814361658,4,0
2,9,369163,4,0,405.07863127696066,553.27128261573,4.396482412272634,16.018078694074802,-1.8774099534339257,36.41387568550465,-6.117655093204348,58.78812388896085,-32.216003236836336,103.5226627317021,-70.25413545753463,135.92857594277268,-68.70997711368443,132.64605830347,7,0
4,9,370386,9,7,369.1935660563472,1264.0542159150193,2.3260241612572368,-3.6280602899680616,-5.535719020056773,-6.465278289623028,-12.66834784268832,-36.45294007440111,-22.273172891970606,-84.09357560541685,-37.732116175428295,-151.37956667331449,-74.62004533375352,-185.86871802185624,16,0
7,9,369917,11,10,1246.2064889236515,976.5572006322965,5.411309580840224,-5.527395560516311,8.618666523601178,-17.207612551092893,8.120785913828513,-26.31845073991087,20.066622465039014,-18.623863699618934,18.819161746708232,-34.630456589222824,28.63162993381661,-66.02755338971485,11,0
4,9,370142,8,7,91.18375010591848,1115.4626325297293,8.57591130022783,11.789698483050644,10.722099533850994,15.020700140704776,14.760410514233627,17.47753822065829,22.19373856753864,13.831402478879228,21.27077384411828,13.050088607689073,20.92422050468313,14.833534061955561,17,0
15,9,370744,25,0,239.6526252335693,1473.5734939250326,10.641454553551966,-11.280645638810256,12.41783178498585,-15.412249015952284,15.15756012761517,-17.763174785981164,12.60475496153606,-44.88813667384171,23.24451403228176,-85.27896715852398,17.287879363114993,-107.58143136552826,20,0
7,9,371064,12,10,1077.3757731678745,1685.553515552623,-1.7821536180813382,-1.2841813952886696,0.29194156243079306,10.4541795302207,3.6226896549051157,15.849448738536465,1.0206671288942744,23.287369840746802,-4.10303964309287,34.07056580841322,-26.36307071523265,50.32323068605297,12,0
4,10,413830,9,7,331.4614498809188,1112.6746492417046,-9.105735753216036,-5.844831074539115,-14.871671988712592,-8.865796329864454,-36.88792915832522,-34.48915134854178,-57.59000629110386,-51.21894900406824,-88.67775392814373,-93.2133683929305,-128.8055118144736,-96.10468105376755,16,0
17,10,414822,27,0,26.47714642631125,1625.7414627146688,12.21601953895244,-13.166024231243,28.229751778434895,-24.880281628976718,48.253058032077455,-38.16301054211908,65.66537053616165,-39.00170314243201,70.21122924510965,-57.26006238398554,63.47890568032466,-55.10034965981822,23,0
7,10,413575,11,10,1265.02565067036,941.9267440430735,4.9038126735365495,-5.417443772461296,8.225565595217859,-10.793012214174835,9.812468187108381,-31.397096800492026,-1.260261388828667,-29.8737653372898,-12.583402015028696,-43.1277033006553,-15.199327713155071,-60.24478259267664,11,0
0,10,414917,16,0,1710.1282648954261,1708.915289449875,-2.328763485069203,-4.152518719057299,0.0,0.0,0.0,0.0,0.0,0.0,0.0,0.0,0.0,0.0,9,0
1,10,413184,2,1,1683.384764848307,729.206921645258,-1.9892339359130349,1.5302253853199093,4.111491440787631,2.6567489866705496,15.899541501400563,5.6087998124348815,26.213846740160307,5.686498978346663,38.74005482611392,6.10194285694206,44.67735416226196,6.6082447619877485,15,0
10,10,414944,20,0,189.96212558606405,1729.5729374498126,0.5411030575549489,-4.052113431849875,1.246700030420385,-3.2286599615274554,4.141743750823224,-5.8998124719525995,13.277969584777507,-6.892050283345952,32.67372462300045,13.59326828816188,38.1456523003291,22.202720598472293,14,0
4,10,413867,8,7,112.45452395003677,1128.5127211374186,2.6840084520171392,-1.135702643232662,3.381773156416827,-0.2391480982548728,-0.3465533394351468,1.7834454542664844,-3.7310118688045866,15.774265936950087,3.737449280857661,34.19136841292243,-1.9530028624162128,12.310727153677135,17,0
5,10,413032,13,0,243.31820467744788,619.822466044669,-3.76913536923513,-2.8449949559965266,-0.5953233005175491,-8.38841555313445,-13.986614865370939,-14.951243972641011,-33.793276334868644,-28.034200274211912,-39.67840213685725,-32.75146861686017,-40.19905961892778,-40.85589741346257,4,0
2,10,413143,4,0,334.8244958194261,689.1998585585028,1.167772981757082,0.6119802048043539,0.20327057056800868,2.3739586198884126,1.5441583438501991,-3.2825176393026823,-23.66284116124075,-29.95414242066988,-40.19940606906477,-27.06141255026819,-42.085510647037275,-28.876447029623588,7,0
1,10,411954,3,1,777.6680215308461,18.45943247909525,-2.3829845387944038,4.258946397056654,-2.8536642984028053,7.717899269311233,-9.662261487645763,-18.45943247909525,-21.472537528434827,4.040773168950384,-44.869260762662755,10.808364340065848,-73.99933849589388,17.359369779614394,18,0
7,10,414928,12,10,1073.2727335247814,1719.6240813610361,-14.902914462710896,7.925471072411482,-13.319199820387896,19.317150491171788,-22.260031072139782,16.252664877639745,-12.35889491030298,35.82705119452453,-29.84565718104341,32.59916540943118,-23.678439011426235,58.11013363623579,12,0
16,10,412829,26,0,1763.9543852105191,497.68109466778367,40.43286526170186,2.715380479182386,70.21993298687562,-22.972041784942235,99.81777227899828,-24.35547522128991,-7.079385684091221,-14.168490346174051,-105.70800201459429,-5.021482877500431,-70.27513694803021,-15.219587475956187,22,0
9,10,412825,14,0,332.5562915082554,483.6950786552498,-5.664381866148176,-6.119940836305034,-10.639032506603883,-9.629516062881123,-14.085210921253633,-13.657708090890086,-55.41686827113443,-42.94376627759448,-75.63831909150605,-67.45006770347624,-102.81153140489876,-59.88344676293252,3,0
15,10,414361,25,0,262.89713926585097,1388.2945267665089,0.6258593094456728,-6.02543592835741,0.5551784217289537,-12.536565194776811,-5.9566346691667595,-22.30246420700428,-19.568378259998752,-56.73086620387858,-18.930053609815843,-64.61191684092046,-20.48747666354447,-82.07029801663634,20,0
15,11,447494,25,0,243.96708565603518,1323.6826099255886,0.8001664315088135,-2.5630375917808124,1.622873436584598,-5.836263847419333,-1.5574230537286269,-17.458381175715886,-4.822038806854066,-34.81666404722455,1.9975877844772756,-68.48607007854343,7.668623569200463,-70.77226407366265,20,0
9,11,446051,14,0,256.9179724167493,416.2450109517735,-0.9096884662540674,0.1990500763378691,-8.980776875751246,5.094444049673085,-27.173212313392725,7.5666209405437135,-40.009254323573494,17.104403207783722,17.923083087498807,45.71910061550733,32.136134833820556,67.37771711198154,3,0
4,11,447043,9,7,242.78369595277508,1019.4612808487744,-5.566409394524982,-2.794064571680792,-23.915410477407452,4.8198894114052555,-40.12775788632985,-2.8913126608370017,-90.44607891762146,-6.1585534771552375,-122.41526354268036,-31.512015619442078,-168.76999634559445,-69.51641238288096,16,0
7,11,446828,11,10,1252.4422486553312,898.7990407424184,-8.49181892194565,1.7008547715549869,-5.498609629413977,-8.615838957552569,-2.615925698126375,-17.117079292021344,4.740976572243199,-46.24198796408802,25.605722758456977,-14.974635889194243,32.84334841722261,-8.548476646403174,11,0
1,11,445355,3,1,732.7987607681833,29.26779681916109,-14.149986199070895,2.66087041245785,-16.42784665720842,2.990947622551417,-29.13007773323113,6.551005439548547,-55.61956476834098,7.941262027943175,-56.524428757061294,5.787985017463541,-57.83581034393694,3.2591851806783083,18,0
5,11,446315,13,0,203.6398025405907,587.0709974278087,-3.3143493961188426,-4.504562449243282,-5.5016053138786845,-13.705545075986038,-0.5206574820705328,-8.104428796602406,1.0764492946178734,-5.231186779752648,4.638299505640133,-13.785887760212404,5.54045828206327,-19.892110905250206,4,0
0,11,447945,18,16,1627.0598548495389,1558.6634744080695,-4.213987767207755,-1.382004387726738,-1.3913201672983178,-2.8842873572561984,0.6126902401131247,-3.378675340765767,-18.242264792211472,-28.072714151914848,-6.406144135153455,-9.961003992258384,-6.005810222519813,-25.08828843681204,24,0
10,11,448246,20,0,222.63585020906447,1743.166205737975,8.771359155439598,15.004469908418288,12.498612998551295,22.008997951496667,5.471927677328637,8.609452310310417,-42.37227676025026,-40.6979405925108,-50.969722549913314,-10.596411344758735,-35.99284884267404,57.32325172513447,14,0
0,11,448373,17,16,1798.2868709878326,1831.6518156361121,12.04241909474854,25.76511900312562,25.530113873797287,58.36584622954729,24.89416564133921,58.42811455608103,55.227030366427705,96.86264822236716,59.927359026421755,116.73631589906654,61.227075366764886,120.86282822371685,25,0
7,11,448274,12,10,1043.427076343738,1752.2232467704673,2.9286304183606267,15.794404898287668,5.687025023034266,16.943080294030096,6.167218169617173,25.51096822680461,-2.669422900242808,38.54470377086432,2.512322189174938,47.28842336465822,1.1790262428096412,58.8052727514405,12,0
2,11,446448,4,0,294.6250897503613,662.1384460082345,-6.69746538363853,0.7849745116379836,-10.671878203691394,-0.9939060979093028,-1.8861045779725032,-1.815034479355404,-7.16428654648098,-3.1660385558079724,-3.1980396838403635,-10.275349471275037,-13.490809541540045,-5.285800393752879,7,0
17,11,447962,27,0,96.68837567142089,1568.4814003306835,-2.76888850464556,-1.9940604171204088,-2.028967226195732,-3.5518802983847313,-6.732323564784977,2.1597127241673206,-8.950591103183257,-0.6439381666439203,-24.697633553416928,-6.759615954143782,-21.675118224776426,-8.589264058553907,23,0
4,11,447259,8,7,116.19197323089443,1162.7040895503408,0.6884570372641292,5.155932998256958,0.7191656822956247,-7.422178134222122,-5.690452143273872,-21.88064125924529,6.6811868118490745,-2.6590609501222393,7.852122747499423,-3.688792032097126,5.236130513791097,-18.433134890660316,17,0
16,11,446168,26,0,1658.2463831959244,492.6596117902831,9.793821562017,-5.672088345645647,15.659354129519446,-6.114921760190498,35.43286506656409,-10.198104598455755,91.84966139924289,6.208911705139143,178.19068530538655,-74.52700369054577,259.4408375533601,-116.54834792138355,22,0
1,11,446584,2,1,1722.1248196744211,735.3088645022002,-11.791022056008842,0.009371236259767102,-7.143242423828497,-0.3708304569855727,5.937299336148044,0.5063019050456887,17.87393915539701,3.059330235771881,37.21576360061135,-1.1204795705193646,68.38876860389655,-3.0957579561415964,15,0
2,12,485733,4,0,291.4270500665209,651.8630965369596,-6.952197706636355,-0.5726431590661605,-5.0591527785337576,-2.0434776185181818,-10.292769857699682,4.989549077522156,-17.836778045769503,-2.341082575675273,-21.09041461528756,-7.475502021162129,-22.365726735403033,-11.027226072007807,7,0
1,12,484672,3,1,676.2743320111219,35.055781836624625,0.3370767894102755,-0.21660828328634096,0.9435428137112468,-2.0491569544652317,-1.3113815868756546,-2.5287998367852325,-1.4347281179625495,-1.7335920517635657,-3.9681832117668137,-3.8885095149501616,-0.41696347481411067,-4.285392274589608,18,0
16,12,485344,26,0,1836.4370685013114,418.1326080997374,23.698604506409534,-13.070496604153163,53.73374890306695,-27.719418317241487,81.25015224797356,-42.02134423083778,80.6662488587699,-98.8954382677466,91.1081261093725,-62.77400283753104,-52.795639795591114,51.45265476855894,22,0
5,12,485582,13,0,208.2781020462308,573.2851096675963,0.6015759304745814,3.0207886814562244,-1.0560305239809225,-1.4992555347347434,0.9021587764231356,-6.106223145037802,-1.96104777197192,-18.850916150931308,-9.564730226348134,-22.532536395059648,-8.34448052522984,-36.4904911246424,4,0
9,12,485418,14,0,274.84105550424806,461.9641115672808,6.988143265708686,4.774442451631104,8.129727003658104,15.381845838345047,14.213051746321753,21.658616496474227,31.316672548532893,33.88006177710469,33.5319063958936,47.15693711189465,38.98253143459408,46.45626874602829,3,0
4,12,486634,8,7,124.04409597839386,1159.0152975182436,3.942357107604224,1.596544679272256,3.308462467370333,-2.3062256951629934,-2.6159922337083263,-14.744342858563185,-2.98962969487944,-14.645249237716598,0.9548543185701136,-6.378643311643145,3.0640673410794506,-14.459068590229665,17,0
0,12,487242,18,16,1620.6537107143854,1548.7024704158111,3.263266261102217,-0.4316925834825725,2.0449528737276523,-0.984804374062378,0.4003339126336414,-15.127284444553652,70.94899683246241,-144.22250880881825,142.00326281732623,-220.32844706668743,153.19164048549578,-239.0029922667718,24,0
1,12,485929,2,1,1759.3405832750323,734.1883849316807,8.307294286808428,0.8517556469377041,16.117842800642393,-0.5547641265520724,31.173005003285198,-1.975278385622232,35.96452283600865,-4.665867584446005,50.57969101868821,-5.247014344797776,53.74723594023362,-7.838887340028691,15,0
7,12,487657,12,10,1045.939398532913,1799.5116701351253,-1.5884613965160952,5.702770348822924,-2.3302128490042837,5.1221860080286215,-1.3332959463652971,11.516849386782267,2.333165387977715,1.907234329853736,4.032839069654301,1.8145080747294744,6.361327291947872,5.3723599797499455,12,0
15,12,486760,25,0,245.96467344051246,1255.196539847045,1.5368941381216532,0.7579593168563861,2.4447718718304543,1.553056073594462,5.671035784723188,-2.2861939951192203,18.432430395174435,-49.63157143942294,30.1053527883335,-84.3182928265876,24.03116881152721,-105.08455535760756,20,0
10,12,487536,20,0,171.6661276591512,1732.569794393216,6.065746626436037,10.192635394265837,8.263299740243982,23.92521918421721,14.976873707239266,67.9196630698932,29.633169130095578,86.9999707384502,26.50991153151023,70.88526219317895,20.81356673124327,87.04972246949295,14,0
4,12,486367,9,7,120.36843241009474,987.9492652293322,-13.814948767063614,-15.519657746156554,-32.09517541268043,-26.31890004151444,-46.35473280291409,-38.00439676343888,-57.93816107939248,-45.52075053615886,-71.92959048642705,-57.83686321274581,-120.36843241009474,-90.94253767887574,16,0
17,12,487263,27,0,71.99074211800395,1561.7217843765395,-0.9600088161687808,-1.1201990655281406,3.0880424918513967,-4.388215489639151,3.022515328640509,-1.8296481044101256,-3.4996467448262787,4.617138052088649,-15.171738590600928,2.340223435126745,-6.391699818222293,-5.154355817035821,23,0
7,12,486172,11,10,1278.0479714137882,883.8244048532242,2.322535425299065,5.367317978510641,4.226497463906527,1.8899883694653001,7.237625658765638,6.426159242791072,14.695963835730709,21.204128760061508,26.861870982342,11.109679197062292,28.036809029537157,-17.589599923769242,11,0
0,12,487865,17,16,1858.2142300142546,1948.388131535179,-4.700328659994057,1.1264898244817232,-7.700351160163108,-4.873555175856153,1.2997163403431389,4.126512324650321,-7.700351160163108,1.1264898244817232,-7.700351160163108,1.1264898244817232,-7.700351160163108,-1.8735326756875563,25,0
5,13,525448,13,0,198.7133718198827,550.7525732725369,4.100867120902279,-3.5925520315695394,1.3735297044018182,-11.196967201591177,1.2202497011182911,-13.95795472958275,14.5175580172739,-23.857478395300063,30.37983585981024,-33.78263738077328,41.21241692850586,-43.17580534893107,4,0
1,13,525772,2,1,1809.9202742937205,728.941370586883,2.4330593726238017,-0.9084780584645388,1.5871319373939061,-2.9694879974762216,3.1675449215454137,-2.591872995230915,-25.913550650799607,-23.98265737206191,-27.987540017043788,-41.25996626893959,-54.15548869050075,-52.704750577119064,15,0
7,13,526060,11,10,1304.9098423961302,894.9340840502864,-2.197674090743021,-5.753291416043338,-1.4624833423501968,-11.98591755524376,1.1749380471951554,-28.699279120831534,8.82249981075779,-65.15173716389654,3.2065627998988475,-94.99330391509432,1.0491250555687657,-93.72749433121693,11,0
9,13,525376,14,0,308.37296190014166,509.1210486791755,3.3883642594354337,-1.729137303067546,7.916817208350949,6.4960359096767215,5.450625038700481,-0.7006683658663633,11.255570083875623,8.034826437153923,13.77362010626149,12.877604085112807,14.160296458506878,16.339448603820983,3,0
0,13,526722,18,16,1762.6569735317114,1328.3740233491235,0.1581489007030541,-0.8531542394621283,3.940609430790573,-5.8077757913908945,11.18837766816955,-18.674545200084367,49.024992148821184,-50.48351505831124,92.19195922761492,-101.8711572777354,121.99052350454555,-129.27467270862644,24,0
17,13,527160,27,0,56.819003527403034,1564.0620078116665,2.9991228611255423,-2.2066964151604225,4.010180267946957,-3.170707593858424,8.780038772378633,-7.494579252162566,10.910929495144556,-3.0349057724758954,5.262892458393665,-4.428763125041087,15.317563952779892,-25.670144645763685,23,0
19,13,527256,28,0,17.457420743266894,1643.929985694717,8.299976092137443,9.547556615905476,11.462942922513438,16.47020353674657,15.433604064593391,28.20450479351939,6.068771933207895,41.01863831119522,9.680550685391763,56.48321274968316,22.04167967350844,55.48208455242934,26,0
10,13,527512,20,0,198.17603919066138,1803.455056586395,0.5510298178889173,5.321591335580933,0.6825140491387742,4.184582564709217,-5.6963448002669566,16.164460276314006,3.2226396230718417,47.51386730371974,0.6985482156000558,31.454607025766567,0.0,0.0,14,0
0,13,997179,17,16,1850.5138788540914,1949.5146213596606,0.0,0.0,0.0,-3.00002250016928,0.0,-3.00002250016928,-18.000135001012264,-27.000202501518746,-27.000202501518288,-51.00038250286889,-41.037799600184606,-85.87711499369107,25,0
4,13,526111,9,7,48.43884192366771,930.1124020165863,-4.401875687686456,-2.894865644869697,-13.618461926667743,-10.372364478945316,-48.43884192366771,-33.105674466129926,0.0,0.0,0.0,0.0,0.0,0.0,16,0
4,13,526449,8,7,124.99895029696395,1152.6366542066005,0.6347197264884414,-0.7507950941860599,1.9989265261738467,-2.5107083182490437,2.1092130225093366,-8.080425278586517,4.1030957950696765,10.321997820984961,9.402987586315517,27.39042750328622,5.291777709907437,28.101321207685032,17,0
2,13,525588,4,0,270.3366354512334,644.3875945157972,1.5586170288411267,-1.0841870304681152,3.625399293462863,-3.573162939014537,-1.275312120115473,-3.5517240508456784,-10.317173441482849,-17.280529456840778,-13.746389496578503,-16.991926906654953,-20.07106734558431,-24.84181791411117,7,0
16,13,525077,26,0,1927.545194610684,355.35860526220637,-30.415507718714252,22.19137582337396,-85.40402743790128,57.36002551671066,-143.90376590496362,114.22665760608999,-220.93763616792418,115.2871399450214,-230.02350232104183,131.64635956147671,-216.10121004536472,128.77556191276204,22,0
7,13,527509,12,10,1049.9722376025672,1801.326178209855,3.3540680980438538,1.5795245670549318,0.7244157694974547,3.1173102555276277,2.3284882222935717,3.5578519050204704,-1.6372296813808591,4.50525593352404,-1.7219900249758666,3.9390010572885785,-1.9903855779425608,4.288923904555077,12,0
1,13,524502,3,1,672.3061487993552,31.16727232167447,3.0306175593918847,-0.10863493080519147,1.6504811067965193,-0.6368788376590508,3.551219736952703,-0.3968827596394462,7.194172682411704,1.301001599793853,10.453010468082539,0.9264679095422004,8.162603108220196,-1.7598525696068954,18,0
15,13,526487,25,0,276.070026228846,1170.8782470204574,1.7623628802218718,-1.3980298960427715,-1.4028170020075663,-4.53856655449772,-6.074183976806296,-20.76626253101995,-7.7575824084848355,-37.52271222315722,-17.396540539729642,-51.440114884424474,-26.17055909715052,-69.71495791652137,20,0
10,14,567406,20,0,198.87458740626147,1834.9096636121612,0.0,0.0,0.0,0.0,0.0,0.0,0.0,0.0,0.0,0.0,0.0,0.0,14,0
9,14,565166,14,0,322.1465820064032,521.9986527642883,-1.19006244240461,1.6045966772921931,-0.3227766209291758,1.8274716896058865,0.38667635224538793,3.461844518708176,0.7799721968509061,6.586992756729728,-0.5705845643306588,7.989065767308261,-7.544767794381472,5.166964428142023,3,0
1,14,564225,3,1,682.7591592674378,32.09374023121667,-1.3558948909633273,-0.9060830082628611,-2.9890428598935164,-1.554698831008846,-2.2904073598623427,-2.686320479149096,-1.9610904224026624,-3.071009586508662,-5.694544862898965,-6.011309387380019,-9.935785582213043,-6.190704498810469,18,0
5,14,565156,13,0,229.0932076796929,516.9699358917635,0.0782764269786469,-2.330028603666733,3.1852219830817887,-4.229606093136226,10.832581068695617,-9.393167968157798,21.60641199127033,-10.248848176112006,26.82484861646978,-13.524457402193606,26.38635321152418,-26.698234620460997,4,0
19,14,567160,28,0,27.137971428658663,1700.4131984444007,3.39477962619532,6.7287602223314025,6.366383009446134,4.171775139230248,12.361128988116677,-1.00112819725382,28.630907697669638,25.292597566663066,29.430674164371204,29.477215309761963,44.25383900593137,46.408056170418824,26,0
7,14,567352,12,10,1048.2502475775914,1805.2651792671438,-1.4926566767539953,0.5622599610633188,-2.907253757281524,0.4119603102092242,-0.2683955529666946,0.3499228472664981,-1.9975264705565223,-2.694119658662657,1.1114248206656612,-1.8379690548547387,2.525573242973905,-4.319450186370659,12,0
0,14,997215,17,16,1823.5136763525727,1898.5142388567913,0.0,0.0,0.0,0.0,-14.03759709866631,-34.876732490822185,-46.84720992887446,-89.78090189150156,-64.48256157266769,-119.68791341855969,-79.88073157338205,-147.21003066250591,25,0
0,14,566265,18,16,1854.8489327593265,1226.5028660713886,7.5554506491512265,-6.092539927785765,18.810774487265693,-16.106339073875915,29.798564276930623,-27.40351543089105,59.25855918905928,-57.67342543458312,112.95998776785268,-104.38626046981881,147.26759421041245,-130.38602254544844,24,0
17,14,566905,27,0,62.08189598579669,1559.6332446866254,1.8903639221867223,-3.801109030452381,4.856323122719374,-8.646428188914344,10.054671494386227,-21.2413815207226,38.91685175412215,-62.59202360174253,72.28379069605593,-97.98558415317963,87.36616625478389,-121.21954229761286,23,0
4,14,566207,8,7,134.4019378832795,1180.0270817098867,-2.8302400017576304,0.8027086212737231,-2.84593978545783,3.7638175365984807,-4.111209876408083,0.7108937043988135,-6.489393727894736,-15.2813225441339,-9.725256635783223,-13.684627163265304,-11.73794176997589,-17.53922289956745,17,0
2,14,565296,4,0,256.5902459546549,627.3956676091424,-3.783848750424795,0.8474600148418858,-4.956811304523171,-0.16198083854669676,-6.324677849005809,-7.849891007456223,-17.378302216770464,-9.448339541621523,-16.849649237132127,-6.233555492876576,-20.455803739420762,-5.0063680310064465,7,0
7,14,565584,11,10,1308.116405196029,799.9407801351921,-2.8728034552195822,0.6637576205666846,-3.59877163582496,-0.5064197471149328,-2.157437744330082,1.2658095838773988,1.7844025435520052,23.778449218870723,16.384910516921767,12.287922653571739,27.630557377472538,-5.451224515935905,11,0
1,14,565393,2,1,1781.9327342766767,687.6814043179435,-7.896470210128883,-3.0497426069620133,-10.1890602457147,-3.9727288969415895,-26.16794867345698,-11.444784308179464,-71.68166757933001,6.9283494059534405,-91.39550928433027,34.90178551418217,-83.81987962502717,41.44967639668846,15,0
15,14,566132,25,0,258.6734856891163,1119.4381321360331,-3.8150528236003822,-3.131252015968812,-5.263339481754912,-9.228288032498538,-8.774018557420874,-18.274843032096893,-19.159426225299512,-17.485723907538613,-21.80758664176517,-17.513228718750042,-21.520024536331334,-17.857759104107803,20,0
16,14,565079,26,0,1697.5216922896418,487.004964823683,9.286059542898558,10.158599688901175,5.607395570099925,2.3492711966509314,13.922292275677135,-2.8707976487146425,22.94590548434689,-38.9987464508082,-42.58850654701814,-13.954572553603553,-37.67785429313767,4.285313870700634,22,0
17,15,606665,27,0,134.36568668185262,1461.6476605334458,0.5561858722615796,-2.8790689288762223,3.411823238610338,-9.787427344919934,15.08237555872796,-23.233958144433245,35.430959299584686,-49.5448913860912,53.699749052725394,-67.67323421005858,60.556167497274,-79.75379645536896,23,0
7,15,605480,11,10,1324.5013157129508,812.2287027887637,5.260205997126832,-4.520619951960839,6.7599728960706225,-6.901091680554599,11.245646860550778,-17.739147169507643,-2.8649365353223857,-19.337236850030195,-6.4388387184574185,-2.8715621025478413,1.6393121036085176,8.44563035725696,11,0
16,15,604906,26,0,1654.9331857426237,473.0503922700793,-23.52817135958412,0.11121024556717883,-37.61122584673149,28.525897493379265,4.910652253880472,18.239886424304192,7.346828097257457,1.477819337124913,-21.89696611495083,10.807773873778274,19.381230260679327,16.516442844238725,22,0
0,15,605999,18,16,1967.8089205271792,1122.1166056015697,13.288621171548355,-10.246284736511145,21.117364626431023,-16.630800751496736,34.307606442559745,-25.999762075629636,38.19478897222075,-33.26640723607511,50.083232976853644,-59.28316278765215,71.20637208751555,-97.10891804391304,24,0
5,15,604929,13,0,255.9180562961627,503.44547848956984,1.7484692180215404,-4.415388208627178,0.7435002364017294,-7.953707615874919,-0.4384954049455985,-13.173777218267391,-0.6108581197559317,-15.79106342431396,-1.5173816992914055,-19.16985579129306,5.568270643419083,-17.41934115980115,4,0
0,15,607168,17,16,1759.0311147799055,1778.8263254382318,-3.627010501705853,-4.977058626860298,-9.562126388312208,-15.694234547015641,-15.398170000714344,-27.522117243946237,-27.977787609029065,-49.904982933464005,-42.6530930673614,-71.72694269966951,-62.14224364752931,-90.55291135026891,25,0
15,15,605955,25,0,236.86589904735115,1101.9249034172826,-0.6819868589790588,1.81059106041198,-2.733557399336064,0.8555297721695752,0.2875621054338353,-0.34453038535775704,1.8211000227396423,-0.3782128365837707,7.96664015620462,-8.799076709818793,16.21207137893407,-8.248494434825034,20,0
19,15,607106,28,0,56.56864559302986,1729.8904137541626,-1.0991099241748188,4.301760382792281,-0.3012188470173953,8.816096941644446,14.823164841560164,16.930840860656875,34.5032918456725,58.53182656444982,21.781153879853978,77.63319046509173,12.298932435542175,85.25368627143051,26,0
2,15,605112,4,0,239.7405967175228,621.1621121162657,-5.7368804990979925,0.29596930985815106,-2.4799452520171315,-4.719329028599873,-3.6061545022886317,1.2271874618701304,-12.530686774771285,-3.658515471300916,-15.021464548109233,-0.3700345892784753,-21.724825734589214,-11.76476835249457,7,0
1,15,604059,3,1,677.0646144045387,26.082430843836647,-1.7368022970606491,0.4913469895610128,-3.1775445819604333,0.5050571314610401,-4.241240719314078,-0.1793951114304484,-2.3668035118419084,1.2667279985024995,-0.9658267821569098,1.4078610536099738,-2.769445055780693,0.2175151775139028,18,0
7,15,607197,12,10,1049.361672398257,1803.4272102122889,0.7493137299281898,-0.9363981745821092,-2.8802511076341943,-0.1520205883896324,1.4141484223082443,-2.4814811315159204,-1.8562314904527284,-2.815627936224473,7.486787685975513,-6.246461797132497,25.380014139042487,-2.955422554837241,12,0
1,15,605308,2,1,1690.5372249923464,722.5831898321255,-2.210712744569946,3.5937204575456008,-0.22188409117097765,4.340389060885514,7.575629659303104,6.547890882506295,24.817865784414156,11.335265831998756,17.202946763498176,11.445619574964551,11.475540103391724,14.422337709331034,15,0
10,15,607345,21,20,227.23877727369393,1902.6223961429544,3.026864220689447,14.131874261646544,13.452624241022024,-0.08072039899479933,-25.23533886948536,58.156016455622186,-12.23716476160007,136.39289647174022,0.0,0.0,0.0,0.0,27,0
10,15,607155,22,20,149.84543723247685,1765.6381451607276,-12.382824540316875,-12.728302046869885,-25.89799012425269,-47.252883936872884,-41.35180135427589,-80.77690771752395,-52.07256754335904,-87.83806736856856,-55.48063506150147,-122.2725501992352,-1.3935948373498377,-102.47446657531782,28,0
9,15,604982,14,0,321.5759974420725,529.9877185315966,0.5414479415312029,-1.6166229011046198,0.496226443731473,-3.7903650816898566,-6.974183230050813,-2.822101339166238,-10.006802596671092,-8.041916851809786,-16.132724120793053,-6.066021925095924,-17.4453388488285,5.587656803411392,3,0
4,15,606070,8,7,124.67668124749626,1166.3424545466216,-1.6757587405774643,-0.3337094810333383,-0.5801314252798591,0.16520930914111887,-2.0126851341926653,-3.854595736302144,-1.8430051677340629,-6.136200506717159,-4.710122714614599,-14.394578279797315,-2.9695619389553087,-8.44057271338579,17,0
1,16,648815,2,1,1707.7401717558444,734.0288094070902,14.145755499653205,0.4074340457133303,11.03998204054915,1.9322140177802112,-5.727406660106452,2.9767181343664784,5.316908566113169,1.320882140892877,-43.26451138226344,-3.1060880204178147,-66.51217675443536,-5.463450356213797,15,0
7,16,650542,12,10,1056.8484600842326,1797.1807484151566,8.364601289587654,-1.5919945530913535,9.87906656452128,0.3217088294354653,17.893226453066973,3.2910392422952555,13.023485575469522,5.6117760465729125,4.513536328543978,6.149845886621506,0.5975849712062882,5.81145340249941,12,0
5,16,648353,13,0,254.4006745968713,484.27562269827683,2.0708472853715993,-0.0038050934442708244,4.7592573464843895,-0.3170967198483936,7.085652342710488,1.7505146314919102,8.140432997135406,-2.0339503933263927,6.597411584552956,-0.9194057488172688,2.271359157081406,-3.9450340720963486,4,0
2,16,648576,4,0,224.71913216941357,620.7920775269872,-3.861842307372456,-2.59785983554616,-2.9494843381607723,-2.9929200202980155,-6.703361186479981,-11.394733763216095,-18.545253425971932,-35.60173042746817,-23.103723068134602,-46.245022875194756,-32.309644803146824,-45.758650192641774,7,0
16,16,648354,26,0,1633.0362196276728,483.85816614385766,16.85736251932076,4.7787233511194245,25.649035908443466,5.0489644850252935,41.27819637563015,5.708668970460451,53.3738224770384,-1.5672438117859429,15.407305187449087,-8.961691176254703,4.066497227184982,-0.2092416651899498,22,0
0,16,650402,17,16,1716.3780217125438,1707.0993827385626,-5.0916918006544165,-3.1936353889491333,-7.616846840838433,-7.328419047533089,-19.489150580167923,-18.825968650599407,-60.72822526093501,-63.64629638971907,-101.1232537916676,-93.15736866792645,-119.55120662946092,-103.65399056742241,25,0
7,16,648933,11,10,1318.0624769944936,809.357140686216,-0.2389203050688593,8.243666907507304,3.1108231775681365,11.201013198759826,8.078150822065936,11.317192459804803,22.05851805014936,3.1472010538655013,22.478622068430692,-0.4835546606509524,18.185999135443577,5.149125924423743,11,0
10,16,650278,22,20,94.3648021709754,1643.3655949614922,6.770909235331147,12.8718576736253,14.307494020416712,8.843749670103762,54.08704022415162,19.798083623917364,73.95122122084467,-9.52009556401049,100.99533624432101,-52.08328037474371,107.77899443756606,-79.12969076427771,26,0
0,16,649336,18,16,2017.8921535040329,1062.8334428139174,21.123139110661896,-17.825605255135542,21.123139110661896,-26.82567275564179,21.123139110661896,-37.82575525626089,0.0,0.0,0.0,0.0,0.0,0.0,24,0
19,16,650557,28,0,78.34979947288384,1807.5236042192541,-1.643005339145006,3.1896755853304057,-3.856864648761487,2.5081075718389907,-9.482221444311804,7.620495806338796,-13.67372420580294,25.703151863641096,-4.835802325534402,47.90791571115869,-1.3232371488662409,62.46548935163582,28,0
4,16,649500,8,7,119.96655853288166,1151.947876266824,0.1622712929321608,3.0990770775872534,1.8595320601369136,5.265029277090207,1.74056077565929,5.9540055664115235,6.533144540854366,4.603475283707893,9.464752401483564,23.51244844974349,5.924790942629343,10.213291233137397,17,0
9,16,648405,14,0,305.4432733212795,523.9216966065006,3.0877123291627986,0.5829004787509575,4.010770789744754,0.8617132317891674,-1.3126147280354417,11.653678728507314,-2.7448351236238864,16.54771493641124,-10.324440882549595,16.926772767561378,-14.60227841478718,16.522196577237196,3,0
17,16,649908,27,0,188.06543573457802,1393.9744263233872,-0.7668953557694635,-2.4537702642403474,3.2555773068983456,-5.81767109957309,6.856418444548608,-12.080562245310375,10.454725419905401,-21.271797469102236,10.53537117956776,-19.723984164795862,14.811857323860865,-35.844280013424616,23,0
1,16,647543,3,1,676.0987876223819,27.490291897446625,-0.07829210579598113,-0.31779963079839035,-2.090190602165308,-0.6327607654758687,-1.8036182736237836,-1.190345876096071,-0.6736763375520239,-3.405482647206444,-3.2828566538025825,-1.550856386010949,-3.6070838055044314,-2.066561765732221,18,0
15,16,649398,25,0,244.83253920355577,1093.125826707464,-3.3542152449311398,-2.1417457842965177,-1.2051027420323803,-2.5373955560605737,8.24543122272945,0.5505822749937579,18.563802636937798,-12.278202756413293,3.480299980127114,-25.307520037915086,7.780219650348584,-28.43794219835945,20,0
17,17,689738,27,0,198.60080691414575,1374.2504421585913,1.8174546132964624,-2.1266782650941423,5.0961727447380545,-7.184420555156976,4.276486144293102,-16.120295848628757,2.425396461701439,-22.54291963140827,3.5016529295662338,-29.48482576594529,8.655767670463348,-43.89411767252,23,0
1,17,687496,3,1,672.8159309685792,25.93943551143568,1.6653982279440245,0.2004447544361092,0.8267719024509006,-0.44305314290130937,-0.324227151701848,-0.5157053797212718,1.027808895135081,-0.09006674250135305,3.7136983616519506,0.8193292767762763,4.621262467698784,2.2568943334407194,18,0
21,17,689006,29,0,2039.0152926146948,890.0066750500632,0.0,-11.000082500618873,0.0,-23.000172501293946,0.0,-51.000382502868995,-26.413348253595363,-116.45774458678522,-37.42825152459818,-102.8956751667287,-61.34930123414029,-117.00597092808188,29,0
2,17,688431,4,0,201.6154091012789,574.5470546517926,-2.9095718317236674,-3.37015611492086,-8.054004365842504,-1.6601166657789008,-9.205921735012225,0.4863726825529966,-6.541436899526133,-1.4100292700485395,-12.541576362152655,-0.5343692745836961,-7.790576945596597,-9.38828990592799,7,0
0,17,690191,17,16,1615.2547679208765,1613.9420140706359,-5.291500093319655,-2.5305019117856773,-9.228507706260416,-4.355212327815252,-18.427952837793327,-10.496621899495947,13.909280357778243,19.987371976427312,-21.009017241412266,9.658300209466232,-129.86855182804402,-31.163818393522657,25,0
15,17,689292,25,0,248.31283918368285,1067.818306669549,3.816285099589805,3.3281229289339085,-1.08221947044359,-2.2830276241834326,4.29991967022147,-3.1304221604443683,-3.829489010598394,-28.318517874557987,7.408082803331041,-63.5325560244761,47.575663728596474,-89.46307765865856,20,0
7,17,688902,11,10,1340.541099062924,808.873586025565,-2.180449204915476,2.482453799905897,-3.977440014920603,3.436561860535221,-4.292622932987116,5.632680585074695,-4.411405702343245,11.209693930594085,-9.134834108595212,16.873827471711706,-7.558840548475017,33.039710210136604,11,0
5,17,688283,13,0,260.99808618142424,483.3562169494596,-1.7580534764469462,-0.6937436292921006,-1.5940427002672095,-2.7329163224780477,-4.326052427471552,-3.0256283232790797,-9.121291643692985,-3.315993512758609,-15.045672855111176,-0.33060109076814115,-16.249353729396347,2.1666676795330773,4,0
19,17,690520,28,0,73.51399714734943,1855.4315199304126,4.833662819132272,8.256351789272912,4.077948084164788,10.20828809793693,3.5125651766681614,14.55757364047713,-16.798062180052675,11.053949925521238,-32.01368589501505,46.08274142654727,-56.01386589636506,43.08271892637868,28,0
10,17,690142,22,20,195.3601384152964,1591.2823145867483,6.71833821033141,-10.846928790956099,10.458814690744534,-15.988461015150733,6.783658193245032,-27.046410389534007,7.492804776561741,-36.03092826137458,1.2750817136897863,-33.90647047660923,-29.257709639240662,4.014874429090469,26,0
7,17,690463,12,10,1061.3619964127763,1803.3305943017776,-1.3559420185470117,-2.354458671309203,-1.3793044180231393,-2.3923027525409,-3.91595135733769,-0.338392484122096,7.246977799309889,-4.780937287394863,17.315819838042902,-1.7393736552048722,35.607312637124096,-17.921984037152242,12,0
4,17,689468,8,7,129.43131093436523,1175.4603247165676,-5.300354429179052,-16.346586459400214,-5.692611802419576,-14.09753104480069,-3.5399614588542216,-13.29915721660609,-5.914463407827995,-14.139202092374715,-1.5109214226051648,-9.17974946760046,-3.63252486918806,-8.518307794466637,17,0
9,17,688371,14,0,295.11883243872984,540.848469374062,-3.762015348886109,-0.17396174611621973,0.18481822392550384,-4.747023453697125,-4.277837532237584,-0.40457619032417824,-20.858035720717908,0.40297118041200974,-30.126938879555038,8.41823586064288,-28.94500016052655,10.616335718092726,3,0
16,17,688279,26,0,1648.4435248151221,474.896474967603,-6.950206802457616,1.4567446822056809,-5.165932598883956,1.3550508003592086,-11.3408079602641,8.752449511064754,-13.488143470513933,20.649123770170604,-9.627007246191623,7.137311807958723,-10.491793670882087,0.41805903279913537,22,0
1,17,688759,2,1,1664.4756603735811,730.9227213866723,-10.628003871810732,0.4713551307655735,-15.983928813840521,-0.6704963502277224,-23.247665372171927,-2.3573623357959828,-23.043526001174087,-0.9679960751404906,-25.364334398996785,-1.7981301633523117,-30.067215131694184,-2.8074035657427885,15,0
0,18,726413,17,16,1594.2457506794642,1623.6003142801019,-10.774332600106163,-6.426216035837115,-80.96641436027403,-23.02983289175768,-108.85953458663178,-40.822118602988894,-133.29751880468078,-61.40355790994045,-154.19879826516512,-72.2058024566022,-168.3774828157591,-75.59922195810327,25,0
2,18,724609,4,0,189.07383273912632,574.0126853772089,4.391922178702116,0.04727389110576041,6.3543847146286785,-2.329668644721892,4.7509994165560565,-8.853920631344295,1.5511931822993006,-12.810351608694534,0.5985899544381539,-10.6586742908961,-1.3246139449173882,-14.577344431364622,7,0
9,18,724576,14,0,264.99189355917485,549.2667052347049,3.4216622598866597,-1.9689449287161551,2.6215282844308945,2.144728820212322,1.1819387190284942,2.1980998574498467,6.410946807652807,14.975402373570207,19.95373207078092,9.311202702760056,28.506735859799853,14.288457090241534,3,0
15,18,725344,25,0,255.7209219870139,1004.2857506450728,16.63488769981251,-3.8144657738979504,26.013396191204038,-13.968770213175846,40.16758092526543,-25.93052163418247,36.40859497616356,-41.77375791769657,58.24736630073357,-44.5700900138819,52.73893982139697,-52.39992423724778,20,0
7,18,725030,11,10,1331.4062649543291,825.7474134972767,2.5594150860849822,1.1931598876780072,-1.2767596001685888,13.53172115861264,1.575993560120196,16.165882738424898,2.2814698683146157,16.56274152893775,-0.0565686827690115,12.09875375780041,-3.683867401549151,14.22832662449116,11,0
4,18,725625,8,7,127.92038951176006,1166.2805752489674,-0.6586723763789877,-1.973877260251584,-0.6270509273713998,-1.010144841401825,-2.1216034465828955,0.6614416731338224,-1.9882115704527197,0.10641616792759123,-2.182626815816434,-3.631878039032017,-1.6881714708928257,-0.16373753483321707,17,0
1,18,723672,3,1,676.5296293302313,26.758764788211952,-0.18429688796402388,0.5425117346312405,-0.7448454338932606,0.4818274961302649,0.9075641060468342,1.4375650566644431,0.999884838333628,0.2663662529916237,-0.3581325466041108,0.8637293765847929,-5.1834807349058565,0.7744930590519665,18,0
21,18,724952,29,0,2001.5870410900968,787.1109998833343,-3.2076513219883513,1.3785335329428108,-9.016916400879381,-0.4822291250108037,-23.921049709542107,-14.1102957613532,-41.49796641349303,-36.887042781787954,-66.79119504465757,-41.8004862021711,-83.45099129655136,-34.80865850906855,29,0
10,18,726296,22,20,196.63522012898622,1557.3758441101393,-2.1071547128376835,5.60569771553446,-12.28589664281074,16.9892153605781,-30.532791352930445,37.9213449056997,-32.30068241172708,39.0082762255156,19.748492989030265,-31.054503341384592,50.767163047797965,-78.84089681375781,26,0
17,18,725948,27,0,202.102459843712,1344.765616392646,2.8738058858081668,-2.9011352605448337,3.8030594678165532,-6.10978156922033,5.154114740897113,-14.409291906574706,5.321465993138219,-21.393481047896785,17.428796200604893,-35.06321015957974,24.832181375688947,-47.465279959369575,23,0
1,18,724855,2,1,1639.1113259745844,729.12459122332,1.0911499423543771,-0.8318903983691825,0.16311704288909826,-0.9203640501983728,-4.702880732697395,-1.0092734023904768,-3.047770597200042,-2.2952852319722297,-1.944062950812622,-1.6769670722512728,-1.4566639925626532,-3.732669553471737,15,0
7,18,726678,12,10,1078.6778162508194,1801.5912206465728,0.38587176624560016,2.55316512398781,3.635301669121191,-0.3052530781549194,18.291492799081198,-16.18261038194737,21.583018441056996,-28.099958061861802,37.947343476951794,-43.98582435323669,44.885509902731656,-65.29565983218458,12,0
19,18,996978,28,0,41.5003112523344,1901.51426135696,-9.000067500506262,0.0,-18.000135001012517,6.000045000337651,-24.000180001350017,-3.0000225001685976,-12.000080413028085,6.000664947338238,-24.00017431376285,27.000829273624053,-30.00022126413024,21.000782323256768,28,0
5,18,724469,13,0,245.952413326313,483.0256158586914,0.7812118268394102,-0.04464903539377474,0.18032371103700484,4.838956918469479,-1.203680874285169,2.4972687703012184,5.783404349117205,9.66179222538716,10.24568167738343,13.23706900014173,19.77409973087313,18.35685008152348,4,0
16,18,724468,26,0,1638.8165175689303,482.03378677556174,-2.358845990761438,3.8406068748623734,-1.6432300187452709,3.616509221582703,-0.8647864246904646,-6.719252775159589,2.1363026622329926,-0.045605681488211765,1.1493192108814585,3.683348712483735,-5.538926216609298,18.562809029416602,22,0
16,19,767019,26,0,1639.9658367798118,485.7171354880455,-3.0179144924074985,1.9340457804887023,-2.6929626717035258,0.8082172501034393,-6.688245427490755,14.879460316932864,-15.883507355921438,5.119120326360361,-5.800777326311617,8.276265299756176,7.832484536985022,-1.365389704455822,22,0
19,19,3132207,28,0,17.50013693857155,1928.5150906305842,-3.0000234751836987,0.0,0.0,6.0000469503672775,-6.000046950367391,-6.0000469503672775,-3.0000234751836987,-9.00007042555126,0.0,0.0,0.0,0.0,28,0
7,19,767694,11,10,1331.34969627156,837.846167255077,-2.9498476567362104,0.5855220371815903,-2.8427288329680778,0.6739703183711754,-3.6272987187801387,2.1295728666907507,-6.134041903600746,2.9021708390746426,-10.307904476740305,7.562179174028301,-17.94794226591739,16.77711601599765,11,0
10,19,768834,22,20,216.38371311801646,1526.321340768755,5.754110306333871,-16.116860153299513,14.10252427808399,-27.444209916862523,31.018670058767697,-47.78639347237322,44.231450644572156,-69.43874439225124,71.27148306370677,-96.14163479737955,149.14090606267789,-165.911413908118,26,0
15,19,767905,25,0,313.9682882877475,959.715660631191,6.124453446427482,-2.708751438652598,1.9523104514650529,-8.173457771554581,-5.508426479336606,-7.829834223365879,-16.2581818706322,-18.42648263384353,-14.335449347712085,-25.464549131325267,-0.29666622786857033,-27.68285986450428,20,0
0,19,768865,17,16,1440.046952414299,1551.3945118235001,-5.062857713677431,-4.044783925166712,-6.893621687932409,-4.3100612662553885,-14.178684550593973,-3.3934195015010573,-30.41583189008293,-14.654363476473918,-53.132447061500216,-22.895819909726466,-66.49217708859669,-24.267998181121587,25,0
1,19,765350,3,1,676.1714967836273,27.62249416479675,-4.2910305762428615,-0.04986023675064999,-2.2257773492898423,-0.27996149836369355,-4.825348188301747,-0.08923631753282635,-5.7492011946530965,-1.3058953265944453,-4.777578468155981,-1.5680404028192854,-4.9317452922392695,-0.9791900556210748,18,0
17,19,768453,27,0,219.5312560443169,1309.7024062330665,2.771114156110201,-5.872029772592215,6.0972355817255846,-8.525113845859323,7.403385175084053,-12.40206979978984,16.57058727797991,-15.295848868549,22.517506431968144,-19.09065074130081,26.336084163931613,-32.56894757977352,23,0
5,19,767035,13,0,256.1980950036965,496.26268485883315,4.627182964731617,6.018696197152224,6.986363943963398,5.790375039885872,9.528418053489704,5.1197810813817455,18.006422737967288,-7.363953688664537,24.16590362011374,-7.754287430173007,24.30847835530261,-9.799699773390444,4,0
22,19,769531,30,0,134.97979386560664,1974.1851772053967,-4.5006405538387915,-4.235873557284093,-4.979869500788709,-9.11129219983468,15.452541606199873,-16.16167447417456,34.470404060075076,-56.9263696293217,50.036063793585186,-91.60441175176129,54.64654875022104,-117.46656002410737,30,0
2,19,767193,4,0,189.67242269356444,563.3540110863128,1.6192957812126851,-2.2784265225000127,1.115371044903128,-3.309217971556336,-1.923203899355542,-3.918670140468522,-2.396147215960952,-3.2703049767399084,1.07284107976065,-0.8165342713512018,0.17564117451365746,-2.8384378016503438,7,0
21,19,767551,29,0,1934.7958460454392,745.3105136811632,-8.151275802807277,1.5469750465306331,-10.823840218547275,2.9708945908577107,-16.659796251893795,6.991827693102549,-19.93076369071809,9.674480000021731,-15.090010857079733,13.981871936739706,-11.41738089033629,5.444485689959947,29,0
9,19,767186,14,0,284.94562562995577,558.5779079374649,7.262035309696103,9.295821952206666,4.664402000900736,6.154363392015058,8.55300378901893,4.97725438748148,19.209755909576188,-20.53528694758552,28.472890523216904,-26.551841441390025,29.9436565889971,-31.73174563877228,3,0
7,19,769238,12,10,1116.6251597277712,1757.6053962933365,-1.6740804909254619,-2.229876494458267,-0.197445972680498,-5.419903201266379,6.938166425779856,-21.30983547894789,20.500195104634713,-37.46653227868978,16.838342078966207,-35.743648121148226,16.88370997913421,-27.09185502487594,12,0
1,19,767508,2,1,1637.1672630237713,727.4476241510687,-1.2753321755290017,-0.4449273614900449,-0.7049329430890339,-0.8759990377176337,0.4873989582499689,-2.0557024812204645,0.6886556174763427,-2.6170114207627653,11.122573392338607,-4.748930280019182,14.31151925102995,-4.583543140266557,15,0
4,19,768244,8,7,125.73776269594364,1162.648697209935,-2.7993039956388657,-3.3490529136684017,-0.5486805096231819,-3.4622765735225585,0.4944553449236082,3.4681405041987996,0.20241194098966275,-0.13139779727498535,2.263197311256434,7.3600778558779885,7.402509252211773,12.707396757375136,17,0
7,20,804173,11,10,1321.0417917948196,845.4083464291053,0.3499407492968203,-0.7161969108383346,-3.1954900110172275,3.125262769297252,-7.640037789177087,9.214936841969347,-15.075810608623442,26.596384346764356,-17.521793955862222,28.594196692494393,-18.37980195456953,32.03239779618184,11,0
0,20,805290,17,16,1386.9145053527989,1528.4986919137734,-1.803120742400324,-0.2634944731460109,-5.979760697325673,-2.155551331343304,-13.359730027096473,-1.3721782713951145,-25.13501498301321,-8.556167177149291,-46.325747481833794,-18.4971638786435,-60.66642916747242,-30.423424604956153,25,0
17,20,804903,27,0,242.04876247628502,1290.6117554917655,1.8929574828707127,0.1099195760909879,4.2933880864685525,-7.327457855853709,3.818577731963472,-13.478296838472714,7.639546315319194,-7.673597742786113,18.874627038773948,-16.44672985188231,42.799672522909425,-41.38021919936659,23,0
10,20,805152,22,20,287.65519618172317,1430.1797059713751,21.152310759936086,-19.20293327629884,49.50989950887861,-47.23660542249263,77.86942299897113,-69.76977911073845,153.99898584926547,-141.76490785032817,173.47050323045218,-207.8523898689305,176.07690690432045,-232.5629248693856,26,0
16,20,803650,26,0,1634.1650594535001,493.99340078780165,5.6283908524726485,-4.048042506129207,9.531578267202576,-10.834691104215779,13.63326186329664,-9.641655004211998,28.29649882235094,-8.531861339460306,35.55006690657365,4.5393149978716,28.067099214667,5.674887566985262,22,0
1,20,803970,2,1,1648.2898364161106,722.6986938710495,3.895705394620109,-1.2850845953959151,5.933697002141571,-2.3481750557319856,3.1889458586913406,0.16538713975262453,6.856801201738563,0.1227332252914266,29.79267504821064,5.2608698666649625,39.46953593666945,7.743072225666992,15,0
15,20,804322,25,0,299.63283894003536,934.2511114998656,-0.5761437759434784,-1.9636542584182732,7.032945910354044,-2.9991206453547647,14.038783119843517,-2.2183107331790097,24.920965675500888,-3.3342367362081404,15.378564457814035,1.9333907142651012,16.27930648909114,1.624920849054888,20,0
4,20,804739,8,7,128.00096000720006,1170.008775065813,2.909614384143765,1.158280929658531,2.3908454459506743,-5.074769613893976,5.139311940955338,5.347318901497147,15.309478893180795,24.927604722752218,12.905603015301239,7.680194570941694,17.095969666369992,10.326355205076652,17,0
22,20,805790,30,0,185.01585765919185,1882.5807654536359,-2.7436550740645766,-3.1864308326182718,0.16340968025789948,-10.893453704505873,4.610484956635844,-25.862148272346076,-14.81435788201523,-111.16824667671949,-131.83863458386296,-117.19204842953992,-158.17722498507743,-148.7641825721762,30,0
5,20,803647,13,0,280.36399862381023,488.5083974286602,1.6237663870673489,-1.2145927751060979,0.6627697744458487,-4.0284366281399,0.1425747351888731,-2.045412343217436,4.914920242498682,-7.0317087623910774,7.017283481720256,-6.5591223807965084,3.9132874284913437,-4.415361550843954,4,0
7,20,805562,12,10,1133.4635018067374,1721.861748172188,-1.9435924703520868,1.8549264069979472,-3.405478101348536,2.0674760965305268,0.04536790016800296,8.651793096272286,-6.382846723824514,10.218673762313756,-6.9084567533195695,8.058932863166092,3.3770138897957622,5.987181097672418,12,0
9,20,803703,14,0,313.4185161531727,532.0260664960749,1.7034124000875297,-7.304162720396447,4.9622048376263015,-13.809364656331127,1.4707660657801966,-5.179904197382257,3.427117152022902,-15.973627241173288,9.37637836756943,-15.920407669813812,2.7873228793689577,-10.909637659348164,3,0
2,20,803735,4,0,190.7452637733251,562.5374768149617,-0.3655840554484371,0.11906659833425692,1.6120165071919814,-0.8111241909994078,-0.8971999052469926,-2.021903530299141,-1.6810898016009332,-8.01911601542065,-2.5532808870714514,-12.099985332210279,-6.609734040333536,-11.402748019944966,7,0
21,20,804048,29,0,1919.7058351883593,759.2923856179029,2.6500146019259314,-1.067187249095355,4.1137211450602535,-3.4308076831080143,3.6726299667434437,-8.53738624677976,-1.9139364434522577,-17.107011438666973,2.712484799796812,-18.185600616821148,1.0368975105513982,-16.840417480256633,29,0
1,20,802835,3,1,671.3939183154713,26.054453761977463,-1.87947328519158,-0.07711398046543394,1.2013379314488477,-1.5326813870171991,-0.15416682408329052,0.5888503471982105,-0.7618762510084025,-0.09027072934477688,-6.431047844550336,-0.8650882798988775,-7.0983940837253385,-0.5480817247234668,18,0
7,21,845196,12,10,1126.5550450534179,1729.9206810353544,4.747049449491897,-2.1114510058482665,8.000073987224598,-1.9791031445979568,10.285470643115332,-2.0717517654936732,5.872201840401658,1.8276046752953332,18.385712516888816,-11.874596176628756,15.748510029442967,-8.145867128428335,12,0
1,21,843566,2,1,1678.082511464321,727.9595637377146,-0.9238045137205972,-0.2568363853498568,-0.4092342165743048,-1.5042488205994005,9.676860888458805,2.482202359002031,24.162864612042537,7.0205523345397305,24.48360407337327,7.987074163541364,21.24530848900031,10.691363976770617,15,0
16,21,843183,26,0,1669.7151263600738,498.5327157856732,0.1723727985752248,-0.008702429312108961,-2.1815145185623805,-0.6893041540819809,-7.4829676919066515,1.1355725691136629,-14.897721328171198,4.700214233120106,-13.625997924395053,7.218079774699959,-25.532196754137654,7.793669872337488,22,0
2,21,843247,4,0,188.1919828862536,550.4374914827513,-2.2802419721403453,0.35396412539807903,-3.0765720017180063,-0.8216927793330342,-4.056453153262083,0.6972373122653153,-5.833295159102676,0.15105161189535465,-5.018488666274408,-2.4158274953276755,-6.827522270378637,-18.65692281714359,7,0
1,21,842345,3,1,664.9628704709207,25.189365482078586,1.5434289220034998,0.4690384158525127,0.11495026817181042,0.7360610814962422,-0.6673462391750036,0.31700655517541065,-5.005210749899106,-0.3419275107303044,-3.25486153616248,0.7554439673775981,2.6422560765222443,1.3407038855193465,18,0
17,21,844426,27,0,260.923389515059,1274.1650256398832,5.348928673664659,-3.185333938831718,11.73966611806128,-11.86837166092323,23.92504548413547,-24.933489347484283,22.887181492144126,-29.215750177344717,23.014932186749945,-31.8401467957724,31.31104000196177,-39.95263084861313,23,0
0,21,844837,17,16,1340.5887578709649,1510.00152803513,-5.8751388041960135,-2.716571331755404,-10.790056635304156,-8.264661065755945,-14.340681685638629,-11.92626072631265,-33.17688869991298,-16.93778313525945,-53.48519689019349,-26.000841911875572,-75.04325097721267,-34.87683326878755,25,0
22,21,845253,30,0,53.177223075328854,1765.388717024096,-24.629983162992897,-6.364179388633603,-53.177223075328854,-3.3755019249827005,-26.338590401214482,-31.57213414263629,-35.96587066619182,-33.06419791422286,-26.54615086400004,-18.22309209471064,-22.312717372421414,16.752484544392473,30,0
4,21,844322,8,7,140.9065630225013,1177.6889696367548,1.832096398733427,-0.9627586640433492,1.283997103829023,0.9481036095530726,4.190366651068756,2.646160634134958,2.6814746307574358,-3.9172499877774953,5.6474024897178206,-9.60724461069617,-0.2581374314309812,-2.356042434298388,17,0
7,21,843807,11,10,1303.5199978389576,874.0025431215997,-1.191905268533219,0.4906356554566855,0.09755794827583486,0.6002004530072327,-0.8580079987073077,3.438201103687448,-4.753151384999455,6.355353781512008,-5.201985976701508,10.099707777249137,-20.81360513612458,52.96482147577285,11,0
5,21,843160,13,0,287.3812821055305,481.9492750478637,-1.7376664721604698,-0.1289686813426556,-1.9561027517564185,-1.474226104325453,-3.1039960532289115,2.143760829952555,3.783550479532437,18.525330997981943,-6.349357267595337,20.225749483979317,-10.06549819119772,30.22236069817319,4,0
10,21,844378,22,20,461.1256994121754,1222.3273161024447,-8.69610743391928,-10.394973884627236,-5.537797150384733,-19.423253644916485,2.606403673868272,-24.710535000455142,27.013776103647498,-28.344800657180944,113.28357608536206,-25.895632610328907,148.33282536191655,-42.22548876094197,26,0
21,21,843604,29,0,1922.418319988156,741.1067850010819,-2.8698091563323933,-0.6940777218866288,-4.008876695909066,-1.2106754124083636,-1.6755872892454136,1.3451831365645148,3.9730892066436354,8.791623532357562,-2.443372231796957,8.953989937286792,-3.651832446035314,0.8801104223315406,29,0
15,21,843926,25,0,315.01140339784945,936.1845022141307,1.982890660385124,0.6626104028397322,7.466986937176897,-1.051147142813079,0.9007420312771046,-0.30846986521021336,-0.6469644237636771,-10.204607634068113,1.143517248965054,-31.279019032633535,23.19713378731683,-53.37959318190964,20,0
9,21,843216,14,0,322.7948945207421,516.1056588262611,-0.3696084687022676,-0.7134123941589223,0.4390883917758971,0.9298384419481636,-6.589055488200472,5.010770010465648,-9.257332732849818,36.55888162682038,-33.796929359894705,39.002631547855344,-38.99989369373708,49.771359661946455,3,0
17,22,883789,27,0,283.93832170180895,1242.3248788441108,1.1266646050493136,-4.435793089528944,5.384986969944691,-5.4904545423944455,8.296107815211826,-8.112484052840728,14.794147922608031,-15.523570178495904,16.729245784034163,-17.594627243230892,18.756204970736007,-18.563428157866387,23,0
22,22,884621,30,0,26.63107221132882,1747.1656249293853,1.9529568748253323,5.400570873872312,7.378729439719122,12.823281354006212,4.2334334915786265,34.97557663910311,-7.348900117872858,74.62420815767176,-26.63107221132882,89.8481526739463,0.0,0.0,30,0
10,22,883692,22,20,574.4092754975376,1196.4316834921158,15.63375890452096,-8.748318794924442,21.592382491338867,-12.730498026856367,35.04924927655452,-16.329856150613068,82.10489838174465,-40.4874591910409,93.34241780978516,-37.074834227776364,103.07413846089378,-50.34191607740854,26,0
7,22,883214,11,10,1298.3180118622556,884.102250898849,-3.2148346526144,4.378336457824048,-8.220651830563156,17.493746951671596,-15.611619159423073,42.865113698523714,-22.002594537794266,60.49065878021214,-28.135027477509535,74.44011896411189,-52.234980698447096,113.07298385830734,11,0
7,22,884558,12,10,1144.9407575703067,1718.0460848587256,-2.9374057211562103,4.243092864977143,0.4901140158378894,1.3538909206704377,-2.6372024874458475,3.7287290482004214,-5.291842748285035,6.123926858018649,-14.593605797064354,16.831508777710724,-22.455492833548533,27.72561835473084,12,0
21,22,883019,29,0,1919.9749477563591,750.0607749383687,-4.314310753818518,-2.147865165960525,-4.988957958538093,-5.252758397436992,-1.2084602142383574,-8.073879514955252,-0.9466530610884548,-17.829958626968278,-5.580899584827193,-21.52293839164929,-2.461533984441985,-13.739875532212976,29,0
2,22,882631,4,0,183.17349421997926,548.0216639874236,-0.5664917496296482,-2.869697473939709,0.7568458303563829,-5.425280068214989,-1.8090336041042288,-16.24109532181592,-2.571741292421222,-25.378759367185125,-1.2420332220846149,-30.200688806708282,-0.6183380356592352,-37.24418628899178,7,0
16,22,882562,26,0,1656.0891284356787,505.75079556037315,-2.0948600348033324,1.2174482568325402,-1.2759800804467432,0.8305395568455083,-11.906198829742609,0.5755900976375301,-20.872596119806982,-0.4337620861450091,-16.149327106843884,-6.112172811857192,-23.951955954866435,-5.992860552283447,22,0
0,22,884222,17,16,1287.1035609807716,1484.0006861232544,-10.804383280830507,-3.7550213182933017,-9.96222565106882,-5.203385148562346,-21.558054087019173,-8.875991356911982,-28.41848925570025,-14.860496141354359,-38.15804025251214,-19.243430681089198,-41.52761248033176,-21.010554809964333,25,0
1,22,881753,3,1,661.7080089347584,25.94480944945618,4.7321047494843915,0.22688495690123744,4.812876078045066,0.5301480503788056,5.897117612684723,0.5852599181417482,4.059179582245065,0.15347329934944298,6.524108281540746,-0.8761907968622822,-0.01633474045559069,-0.9040020295100142,18,0
15,22,883257,25,0,316.1549206468145,904.9054831814972,16.710141560432078,-13.600479475356453,15.613690191210534,-19.61552164937484,22.053616538351775,-22.1005741492761,14.346761697864167,-30.30644284213315,37.1193924635196,-49.71529340088978,49.2454597122529,-62.454684599266564,20,0
5,22,882552,13,0,281.03192483793515,502.17502453184295,-1.9672693099776095,0.18400707185759305,-2.50095156983474,-0.14060283130578455,-3.7161409236023815,9.996611214193877,-8.615434753681258,11.133490890044753,-10.655015130110314,6.349373625935812,-10.147543427814128,11.578929934680446,4,0
1,22,882998,2,1,1702.5661155376945,735.9466379012558,-0.15721304852058893,0.8004767482780153,-1.313348543616712,1.33993153003496,-3.2382955843729637,2.704289813229252,6.866474379010242,4.150634748917811,18.005145942268882,6.602311487517794,31.78693918084787,10.75844434942303,15,0
9,22,882640,14,0,288.99796516084734,555.1082903741166,-2.833328102069231,0.17573374587198032,-2.541034273854621,-2.1645875362023617,-5.202964333842374,10.768728114091118,-13.94207222166176,13.70668723173219,-19.666309254401426,6.54755221185917,-23.03252803879332,16.60427244320124,3,0
4,22,883664,8,7,146.55396551221912,1168.0817250260584,-0.5118338585001254,3.965178651510996,0.2333849947108604,8.731819985819358,-5.905539921148801,7.251202176397783,-5.095403498533301,3.016180040609697,-4.037417309250799,2.2405234371501592,-1.152792440386918,8.929488351285045,17,0
2,23,921548,4,0,181.93146099789462,517.8209751807153,0.3708194973578145,-0.9003452012427715,2.3891639737680066,-3.8919051382243883,0.6236951864253797,-7.043497482283499,-1.724378140495105,-15.389654959131406,-7.549487106632,-21.734296306755823,0.0,0.0,7,0
4,23,922539,8,7,142.51654820296832,1170.3222484632088,0.7117047889889818,-1.2390687780180087,3.6500406801407914,2.4582850218423573,2.8846248688638814,6.6889649141348855,6.431357417348067,20.692131084424545,0.7897124038095171,-3.5119497902067,0.0,0.0,17,0
17,23,922626,27,0,300.6675674858431,1224.7302516008801,0.1974623980247543,-2.492879206887892,4.977353014149003,-1.3116957170682326,2.026959186701845,-0.9688009146354944,6.513669180941918,0.058580191159080634,4.080760251887681,-0.9927626780479386,0.0,0.0,23,0
16,23,921507,26,0,1639.9398013288348,499.638622748516,-1.8199752391130917,0.7381723687088311,0.09619375355919146,2.060372306062732,-7.80262884802255,0.11931225957374635,-8.80903726300403,-3.2551308773510077,1.6086718309463777,-12.066505280280467,0.0,0.0,22,0
9,23,921601,14,0,269.331655906446,561.6558425859756,-1.144857913522003,6.650893235521835,0.08426076627728207,9.621359595831336,-3.36621878439189,10.05672023134207,-4.669410873709012,11.450344909212165,-7.70350060697217,7.779069491636277,0.0,0.0,3,0
15,23,922081,25,0,353.2743131103341,855.1901897806074,5.386062529065328,-3.69474401316279,7.590523730804591,-6.5108998316788975,12.126067248733307,-12.73939119837678,10.331871183726436,-23.371384463149525,3.7613318193435252,-35.821581605235,0.0,0.0,20,0
23,23,921374,31,0,0.0,403.00302252266886,0.0,4.000030000224967,0.0,0.0,0.0,-3.0000225001687117,0.0,5.0000375002812225,0.0,1.0000075000563695,0.0,0.0,31,0
10,23,922525,22,20,667.7516933073226,1159.3568492643394,-0.440944342761668,-3.1623508843365467,2.5300149455331398,-5.989073367099991,9.731720651108617,-13.267081849632175,23.17713651519637,-44.57190876678851,13.189876757315687,-94.72726244863951,0.0,0.0,26,0
21,23,921912,29,0,1914.394048171532,728.5378365467194,-0.115437695409355,2.845906409265353,3.955600892903021,4.0773707768239555,3.1193656003852084,7.7830628594363125,6.72874311633791,14.817759983261906,4.835108250121493,18.379852147934123,0.0,0.0,29,0
7,23,923447,12,10,1130.3471517732426,1734.877593636436,3.1617179336631125,7.636041532759008,-1.7802729152974734,3.9835544815650783,-7.861887036484179,10.894109577020119,0.4314507522324221,7.971096157750707,-0.9158477762327948,6.452833693216918,0.0,0.0,12,0
0,23,922996,17,16,1248.9455207282595,1464.7572554421652,-3.885486475117205,-2.505355345226917,-4.410904141440369,-2.9909317085796374,-3.3695722278196167,-1.7671241288751391,-24.79659023664408,-5.503867675038464,-49.944707336276686,-14.38058317110017,0.0,0.0,25,0
22,23,923604,30,0,0.0,1837.0137776033318,0.0,1.0000075000566542,0.0,2.000015000111944,0.0,0.0,0.0,0.0,0.0,0.0,0.0,0.0,30,0
1,23,921941,2,1,1720.5712614799634,742.5489493887736,1.906147014135968,1.6831415682521538,6.851403139586183,3.791957756014313,13.781793238578985,4.156132861905235,27.82945577176065,7.57492548398443,37.10368768156445,14.172281113067587,0.0,0.0,15,0
7,23,922261,11,10,1270.1829843847465,958.5423698629609,-13.93857630442835,19.843546291243683,-17.70006092948779,29.24555028106681,-24.099953220937554,38.63286489419545,-28.42370445938627,59.30635201516532,-43.673386947146355,87.96581906361756,0.0,0.0,11,0
1,23,920720,3,1,668.2321172162991,25.068618652593894,-6.2341752663568295,-0.8869516545954959,-6.3706211347602,0.7156861504702938,-6.540443021996339,-0.027811232647732,-5.935105986862823,1.1915775800692572,-8.847064905795492,1.6744673411141378,0.0,0.0,18,0
5,23,921521,13,0,270.37690970782484,508.52439815777876,0.8205695791934886,4.050588468397166,2.3488401383161768,6.9047862865140255,0.5074717022961863,5.229556308744634,0.5649236337145567,7.729221478442752,-2.1414362854587807,7.738428665600908,0.0,0.0,4,0
4,24,962159,8,7,143.30626060677784,1166.810298673002,0.0,0.0,0.0,0.0,0.0,0.0,0.0,0.0,0.0,0.0,0.0,0.0,17,0
16,24,961068,26,0,1641.5484731597812,487.5721174682356,0.0,0.0,0.0,0.0,0.0,0.0,0.0,0.0,0.0,0.0,0.0,0.0,22,0
15,24,961672,25,0,357.03564492967763,819.3686081753725,0.0,0.0,0.0,0.0,0.0,0.0,0.0,0.0,0.0,0.0,0.0,0.0,20,0
7,24,963107,12,10,1129.4313039970095,1741.330427329653,0.0,0.0,0.0,0.0,0.0,0.0,0.0,0.0,0.0,0.0,0.0,0.0,12,0
17,24,962240,27,0,304.74832773773085,1223.737488922832,0.0,0.0,0.0,0.0,0.0,0.0,0.0,0.0,0.0,0.0,0.0,0.0,23,0
0,24,962622,17,16,1199.0008133919828,1450.376672271065,0.0,0.0,0.0,0.0,0.0,0.0,0.0,0.0,0.0,0.0,0.0,0.0,25,0
23,24,960956,31,0,0.0,404.0030300227253,0.0,0.0,0.0,0.0,0.0,0.0,0.0,0.0,0.0,0.0,0.0,0.0,31,0
21,24,961562,29,0,1919.2291564216532,746.9176886946535,0.0,0.0,0.0,0.0,0.0,0.0,0.0,0.0,0.0,0.0,0.0,0.0,29,0
2,24,961083,4,0,174.38197389126262,496.0866788739595,0.0,0.0,0.0,0.0,0.0,0.0,0.0,0.0,0.0,0.0,0.0,0.0,7,0
9,24,961211,14,0,261.6281552994738,569.4349120776119,0.0,0.0,0.0,0.0,0.0,0.0,0.0,0.0,0.0,0.0,0.0,0.0,3,0
1,24,960374,3,1,659.3850523105036,26.74308599370804,0.0,0.0,0.0,0.0,0.0,0.0,0.0,0.0,0.0,0.0,0.0,0.0,18,0
7,24,962007,11,10,1226.5095974376,1046.5081889265784,0.0,0.0,0.0,0.0,0.0,0.0,0.0,0.0,0.0,0.0,0.0,0.0,11,0
10,24,962039,22,20,680.9415700646382,1064.6295868157001,0.0,0.0,0.0,0.0,0.0,0.0,0.0,0.0,0.0,0.0,0.0,0.0,26,0
1,24,961587,2,1,1757.6749491615274,756.7212305018413,0.0,0.0,0.0,0.0,0.0,0.0,0.0,0.0,0.0,0.0,0.0,0.0,15,0
5,24,961136,13,0,268.2354734223661,516.2628268233797,0.0,0.0,0.0,0.0,0.0,0.0,0.0,0.0,0.0,0.0,0.0,0.0,4,0
