,Unnamed: 0,Unnamed: 0.1,FRAME,ID,track_id_unique,track_id_parent,pos_x,pos_y,dt6_n0_dx,dt6_n0_dy,track_id_unique_pred,track_id_parent_pred
0,0,0,0,7602,1,0,1840.5199318791265,762.1452659380514,-93.78186003609676,-18.42294304500205,1,0
1,1,1,0,5108,6,0,1246.555590368909,204.490822707402,23.42611035599793,-12.10951271425341,2,0
2,2,2,0,7352,13,0,286.7643030334256,666.9712321507591,190.5649941522206,-161.3310005709163,3,0
3,3,3,0,6522,4,0,329.1402766920528,459.3586100013188,-5.338145984222479,6.8176722683039115,4,0
4,4,4,0,8859,5,0,999.8324232544107,1210.5994329900768,84.22018336204928,-38.851553621224866,5,0
5,5,5,0,9611,10,0,800.4966564388831,1522.5919919167848,-110.44569487247223,-176.26080874056697,6,0
6,6,6,0,7819,14,0,451.4442097474463,866.3015384368013,6.443476475309068,0.5327410511761173,7,0
7,7,7,0,7565,7,0,51.62598598848962,752.3039956571544,-51.62598598848962,-7.29840811524798,8,0
8,8,8,1,25376,1,0,1746.7380718430295,743.7223228930493,-236.37614759880557,17.582518014541506,1,0
9,9,9,1,25584,14,0,457.88768622275535,866.8342794879775,13.261606137909947,-137.38939201651658,7,0
10,10,10,1,25377,7,0,0.0,745.0055875419064,0.0,72.00054000405031,8,0
11,11,11,1,24884,4,0,323.8021307078304,466.1762822696227,-87.85798130508047,17.211431171158893,4,0
12,12,12,1,26150,5,0,1084.05260661646,1171.747879368852,118.40660467736393,-16.439362802264668,5,0
13,13,13,1,24950,13,0,477.3292971856462,505.6402315798429,-259.07608908811926,-159.07927790572938,3,0
14,14,14,1,24345,15,0,1892.059185896407,146.84326181997218,12.371941030272186,114.3586669815947,9,0
15,15,15,1,26475,10,0,690.0509615664107,1346.3311831762178,75.0056898442183,-179.2989890808749,6,0
16,16,16,1,24428,6,0,1269.9817007249071,192.38130999314856,27.38476967830797,-3.6134997648427145,2,0
17,17,17,1,27567,16,0,1874.7820179958146,1997.3252836534448,-11.712132876987653,-37.28415366529703,10,0
18,18,18,2,42054,4,0,235.9441494027499,483.3877134407816,6.265231081261419,59.63076102417347,4,0
19,19,19,2,42602,7,0,0.0,817.0061275459567,0.0,69.00051750388127,8,0
20,20,20,2,43244,10,0,765.0566514106291,1167.0321940953436,21.07735878176084,-22.10656093891157,6,0
21,21,21,2,43218,5,0,1202.459211293824,1155.3085165665873,136.99813357928932,10.37569598674304,5,0
22,22,22,2,41779,13,0,218.25320809752688,346.56095367411336,-113.59052460533549,67.54036163988758,3,0
23,23,23,2,44691,16,0,1863.069885118827,1960.0411299881484,-7.188316747779938,-11.12190925806385,10,0
24,24,24,2,42458,14,0,471.1492923606653,729.4448874714609,-84.03637964795672,-125.85993270318008,7,0
25,25,25,2,41661,15,0,1904.431126926679,261.20192880156685,10.37722034636181,106.53244234080208,9,0
26,26,26,2,42525,1,0,1510.361924244224,761.3048409075908,-183.02576413969481,-113.89548199347132,1,0
27,27,27,2,41566,6,0,1297.3664704032146,188.76781022830585,11.084468868249132,-7.425473122031432,2,0
28,28,28,3,58921,4,0,242.20938048401126,543.018474464955,-13.266686823608891,16.460825046483933,4,0
29,29,29,3,59951,10,0,786.13401019239,1144.9256331564313,85.43882589877626,33.78908442621446,6,0
30,30,30,3,60011,5,0,1339.4573448731132,1165.6842125533306,105.13995299692148,-28.543925465364733,5,0
31,31,31,3,59024,14,0,387.1129127127086,603.5849547682807,-85.13925184503597,46.71413699318509,7,0
32,32,32,3,59549,7,0,0.0,886.006645049838,30.080047263448893,86.03642851149229,8,0
33,33,33,3,59094,1,0,1327.3361601045292,647.4093589141195,-85.86199170354598,-93.81915036751377,1,0
34,34,34,3,58628,15,0,1914.8083472730407,367.7343711423688,32.77798597331457,11.191155544963463,9,0
35,35,35,3,58687,13,0,104.66268349219143,414.10131531400094,25.29693253899721,-59.63825785254954,3,0
36,36,36,3,61375,16,0,1855.881568371047,1948.9192207300848,-6.3618405424963385,-18.642003317898343,10,0
37,37,37,3,58336,6,0,1308.450939271464,181.3423371062744,23.922256648510484,-12.840364488881676,2,0
38,38,38,4,92318,13,0,129.95961603118866,354.46305746145134,188.8817187459127,28.609948379608397,3,0
39,39,39,4,93377,7,0,30.080047263448893,972.0430735613304,12.249373919240925,35.07843620849565,8,0
40,40,40,4,92359,15,0,1947.5863332463555,378.92552668733236,60.096721308801534,4.5724504383815665,9,0
41,41,41,4,93596,5,0,1444.5972978700347,1137.1402870879656,76.47257271365059,-24.288751208496706,5,0
42,42,42,4,93656,10,0,871.5728360911662,1178.7147175826458,76.53659834413656,49.55901542695528,6,0
43,43,43,4,92645,1,0,1241.4741684009832,553.5902085466057,-3.3327524583735335,-58.23021875914503,1,0
44,44,44,4,92649,4,0,228.94269366040245,559.479299511439,62.74699193532979,5.164831912818499,4,0
45,45,45,4,92796,14,0,301.9736608676726,650.2990917614659,-32.92070494797554,10.25938289325734,7,0
46,46,46,4,94874,16,0,1849.5197278285507,1930.2772174121865,-17.191216466856307,-22.00855585440422,10,0
47,47,47,4,92079,6,0,1332.3731959199745,168.50197261739274,126.04435144176682,-31.104935417362363,2,0
48,48,48,5,105472,6,0,1458.4175473617413,137.39703720003038,29.949225071249657,-37.13354217662136,2,0
49,49,49,5,105895,13,0,318.84133477710134,383.0730058410598,11.740686784431432,12.38257217227988,3,0
50,50,50,5,105896,15,0,2007.6830545551568,383.49797712571404,0.0,0.0,9,0
51,51,51,5,106970,7,0,42.32942118268981,1007.121509769826,8.841811437507062,35.60587674840508,8,0
52,52,52,5,106073,1,0,1238.1414159426095,495.3599897874608,-89.91466461756022,-118.94333382346508,1,0
53,53,53,5,107136,5,0,1521.0698705836853,1112.8515358794687,84.85633025219545,-49.45380835649394,5,0
54,54,54,5,106177,4,0,291.6896855957322,564.6441314242575,61.65387648742717,7.992266803869484,4,0
55,55,55,5,107340,10,0,948.1094344353028,1228.273733009601,72.86129273022243,64.56346746728605,6,0
56,56,56,5,106334,14,0,269.05295591969707,660.5584746547232,-32.18641635402179,-41.010617537350186,7,0
57,57,57,5,108517,16,0,1832.3285113616946,1908.268661557782,-36.22308011499831,-44.70522413739151,10,0
58,58,58,6,122941,4,0,353.3435620831594,572.636398228127,43.715936163637764,-7.636855875844049,4,0
59,59,59,6,123030,14,0,236.86653956567528,619.5478571173729,-7.339756524326532,-24.528537228536376,7,0
60,60,60,6,125159,16,0,1796.1054312466958,1863.5634374203905,6.9080913547229565,9.450610184966306,10,0
61,61,61,6,124169,10,0,1020.9707271655252,1292.8372004768871,21.882105326557394,19.261430224837564,6,0
62,62,62,6,122150,6,0,1488.366772432991,100.26349502340904,-14.446541838155555,-46.41894126098556,2,0
63,63,63,6,122643,1,0,1148.2267513250495,376.4166559639956,30.227501439534077,50.19302743055045,1,0
64,64,64,6,122666,13,0,330.5820215615328,395.4555780133397,-28.258997242036727,-17.251217155634492,3,0
65,65,65,6,123745,7,0,51.17123262019687,1042.727386518231,1.7985413811641422,75.9322086874022,8,0
66,66,66,6,123779,5,0,1605.9262008358808,1063.397727522975,26.777380802078373,-7.9756555876945185,5,0
67,67,67,7,142882,13,0,302.323024319496,378.2043608577052,-36.49420867272124,15.262988295340335,3,0
68,68,68,7,143251,14,0,229.52678304134875,595.0193198888368,-46.413200617860916,-56.3877720586985,7,0
69,69,69,7,144263,7,0,52.96977400136101,1118.6595952056332,25.205046891832843,53.70202879360431,8,0
70,70,70,7,144567,10,0,1042.8528324920826,1312.0986307017247,0.0,0.0,6,0
71,71,71,7,142948,1,0,1178.4542527645835,426.60968339454604,-42.15085325893301,-55.65849167763793,1,0
72,72,72,7,142313,6,0,1473.9202305948354,53.84455376242346,-7.783044463470105,-27.29440574048616,2,0
73,73,73,7,144153,5,0,1632.7035816379596,1055.4220719352802,8.582246864933722,-4.26031151565212,5,0
74,74,74,7,143198,4,0,397.0594982467972,564.9995423522829,17.07404088485572,-23.54570522808536,4,0
75,75,75,7,145566,16,0,1803.013522601419,1873.0140476053568,63.11078284094083,114.88191483570812,10,0
76,76,76,8,163587,14,0,183.11358242348786,538.6315478301382,-18.06950710251249,21.29992299705395,7,0
77,77,77,8,164486,5,0,1641.2858285028929,1051.1617604196285,31.84093343318659,-8.027331354097669,5,0
78,78,78,8,164677,7,0,78.17482089319384,1172.3616239992375,4.298150234288514,22.70756263720682,8,0
79,79,79,8,163589,4,0,414.1335391316529,541.4538371241974,17.19798966919234,-58.92797014043924,4,0
80,80,80,8,163348,1,0,1136.3033995056505,370.9511917169081,-30.578303297708093,-40.61151069250286,1,0
81,81,81,8,164770,11,10,947.9729487621803,1228.9652974884355,-10.169052958976069,-22.68523978791768,11,0
82,82,82,8,162790,6,0,1466.1371861313653,26.550148021937307,0.0,0.0,2,0
83,83,83,8,165034,12,10,1100.8587533804036,1381.6578325208588,51.46619258335477,38.374998739323246,12,0
84,84,84,8,166058,16,0,1866.1243054423599,1987.895962441065,-44.480284221814614,-104.48649286959152,10,0
85,85,85,8,163368,13,0,265.82881564677484,393.4673491530455,-5.003463985185874,22.2545379878776,3,0
86,86,86,9,183747,13,0,260.8253516615889,415.7218871409232,11.351971916261675,66.15050285728397,3,0
87,87,87,9,183840,19,0,1998.439987903595,468.8332381878376,-208.97523222440918,-25.85228773905555,13,0
88,88,88,9,184808,5,0,1673.1267619360794,1043.1344290655306,50.70948292407775,-21.547678452263426,5,0
89,89,89,9,185069,11,10,937.8038958032043,1206.280057700518,14.90375899309015,-0.03765665018454456,11,0
90,90,90,9,183602,1,0,1105.7250962079424,330.33968102440525,-25.240618386137385,-18.984580306327764,1,0
91,91,91,9,183955,14,0,165.04407532097534,559.9314708271921,25.64081033319633,-12.952556310833302,7,0
92,92,92,9,183857,4,0,431.3315288008452,482.5258669837583,10.418543060901072,-25.46162971111925,4,0
93,93,93,9,186263,16,0,1821.6440212205453,1883.4094695714734,-44.64162172355941,-69.87535977070685,10,0
94,94,94,9,185051,7,0,82.47297112748238,1195.0691866364446,27.864667771551765,22.33712485507068,8,0
95,95,95,9,185437,12,10,1152.3249459637586,1420.0328312601819,-8.711985441779689,20.997404935621034,12,0
96,96,96,10,205619,11,10,952.7076547962944,1206.2424010503335,57.16188445709099,-25.042431956693694,11,0
97,97,97,10,204368,4,0,441.7500718617463,457.06423727263916,-16.04272386132459,-71.31539177662927,4,0
98,98,98,10,204389,13,0,272.1773235778506,481.8723899982071,-4.1725221169323286,4.5822359629129314,3,0
99,99,99,10,206027,12,10,1143.6129605219787,1441.0302361958031,-27.23696126544177,50.64166025169516,12,0
100,100,100,10,205627,7,0,110.33763889903412,1217.406311491515,18.568981216948274,48.259434347250355,8,0
101,101,101,10,205288,5,0,1723.8362448601572,1021.5867506132672,45.6626125250134,-25.86955302815454,5,0
102,102,102,10,204184,1,0,1080.484477821805,311.3551007180775,-58.842011501647555,-32.064030750973245,1,0
103,103,103,10,204350,19,0,1789.4647556791858,442.9809504487818,49.12948419100418,-0.8276851142930468,13,0
104,104,104,10,206301,20,0,0.0,1617.0121275909567,33.83744537831637,37.00334104769399,14,0
105,105,105,10,206653,16,0,1777.0023994969858,1813.5341098007666,-8.629240612592412,-4.613920629073618,10,0
106,106,106,10,204460,14,0,190.68488565417167,546.9789145163588,2.4341433621716533,-37.92676173328442,7,0
107,107,107,11,224514,19,0,1838.5942398701893,442.1532653344889,0.0,0.0,13,0
108,108,108,11,224593,13,0,268.00480146091826,486.45462596112,16.307429725857276,13.272368398452725,3,0
109,109,109,11,224624,14,0,193.11902901634326,509.05215278307435,-3.0691967332013803,-47.279146125872145,7,0
110,110,110,11,225877,7,0,128.9066201159824,1265.6657458387656,0.0,0.0,8,0
111,111,111,11,225787,11,10,1009.8695392533856,1181.1999690936398,39.12469155520853,-4.323477786995228,11,0
112,112,112,11,226506,20,0,33.83744537831637,1654.0154686386509,51.571985819913436,43.609157945288636,14,0
113,113,113,11,224442,4,0,425.7073480004217,385.7488454960098,-24.082162516613327,-26.90029385567095,4,0
114,114,114,11,224281,1,0,1021.6424663201576,279.29106996710425,0.0,0.0,1,0
115,115,115,11,226255,12,10,1116.375999256537,1491.6718964474985,-7.0929223875346,52.25441498852956,12,0
116,116,116,11,226766,16,0,1768.3731588843937,1808.9201891716928,-37.67116359601346,-74.81249447698383,10,0
117,117,117,11,225516,5,0,1769.4988573851706,995.7171975851128,67.3546992310678,-41.79982674915289,5,0
118,118,118,12,245793,5,0,1836.8535566162384,953.9173708359598,142.72591732072715,-117.65583047309951,5,0
119,119,119,12,247014,16,0,1730.7019952883802,1734.1076946947092,10.515961036983754,15.20186398795454,10,0
120,120,120,12,244708,2,1,1099.9773487526884,350.8222533810498,154.7991698493588,157.53939820555996,15,0
121,121,121,12,246058,11,10,1048.994230808594,1176.8764913066445,57.60180690994253,9.737889180981027,11,0
122,122,122,12,246282,9,7,154.36481177946845,1313.3132854663545,45.72935291667071,-52.97264491641704,16,0
123,123,123,12,244936,13,0,284.31223118677553,499.7269943595728,9.799277011643312,20.30930470898096,3,0
124,124,124,12,246961,20,0,85.40943119822981,1697.6246265839395,17.274534221249795,9.32143665420881,14,0
125,125,125,12,244881,14,0,190.04983228314202,461.7730066572023,3.867608130912657,-9.509781646473073,7,0
126,126,126,12,246746,12,10,1109.2830768690023,1543.9263114360278,3.923583259032283,63.612448890528405,12,0
127,127,127,12,244730,4,0,401.62518548380837,358.8485516403388,-89.56213986376173,17.26835899903415,4,0
128,128,128,12,246172,8,7,130.12019607884704,1239.059364830524,-39.32512253440591,-127.48460649827804,17,0
129,129,129,12,244572,3,1,1002.621996898904,266.8227496596986,-194.16139300198262,-140.2325500012401,18,0
130,130,130,13,265988,8,7,90.79507354444115,1111.574758332246,-6.560474018035323,-21.06911356341969,17,0
131,131,131,13,266086,11,10,1106.5960377185363,1186.6143804876253,39.50520480093565,-21.436062245707944,11,0
132,132,132,13,267073,16,0,1741.2179563253635,1749.3095586826635,26.38259915821391,65.76389043844482,10,0
133,133,133,13,266819,12,10,1113.2066601280346,1607.5387603265565,23.827765091327358,19.927949056727808,12,0
134,134,134,13,264879,2,1,1254.776518602047,508.3616515866098,13.248149870551062,25.89264577112442,15,0
135,135,135,13,264808,14,0,193.9174404140546,452.26322501072923,38.33794914340595,-16.80471640425759,7,0
136,136,136,13,266794,23,0,34.72629187380189,1582.3682717804127,-9.98984581345253,-17.54744448379529,19,0
137,137,137,13,266187,9,7,200.09416469613913,1260.3406405499372,59.79861852708568,31.074484112908287,16,0
138,138,138,13,264660,4,0,312.06304562004664,376.11691063937286,-25.139435210468093,-29.34561858058237,4,0
139,139,139,13,266998,20,0,102.6839654194796,1706.9460632381486,20.144072218314122,15.929686808008228,14,0
140,140,140,13,264210,3,1,808.4606038969215,126.5901996584585,-12.284511936613512,-85.32466215742474,18,0
141,141,141,13,265528,5,0,1979.5794739369653,836.2615403628603,21.099211304670234,-3.231145290939708,5,0
142,142,142,13,264890,13,0,294.1115081984188,520.0362990685537,25.89541567055613,36.15298059812926,3,0
143,143,143,14,284896,4,0,286.9236104095785,346.7712920587906,43.405118001329576,21.211487145479282,4,0
144,144,144,14,285248,13,0,320.006923868975,556.189279666683,-5.046629602349982,9.642800984562195,3,0
145,145,145,14,287049,25,0,0.0,1627.0122025915189,34.35094338643808,-15.259527481149009,20,0
146,146,146,14,287050,12,10,1137.034425219362,1627.466709383284,12.487720554736596,18.253030784122306,12,0
147,147,147,14,287179,20,0,122.82803763779371,1722.8757500461566,-2.512293609655515,20.439523886607283,14,0
148,148,148,14,286155,8,7,84.23459952640582,1090.5056447688264,-1.1665099636852148,0.8075489356731396,17,0
149,149,149,14,286262,11,10,1146.1012425194722,1165.1783182419176,22.43752465607031,-40.790209506371404,11,0
150,150,150,14,285751,5,0,2000.678685241636,833.0303950719208,15.889297885737506,130.14124414819378,5,0
151,151,151,14,286462,9,7,259.89278322322485,1291.4151246628455,32.03870822126169,19.61875077708055,16,0
152,152,152,14,286943,23,0,24.73644606034936,1564.8208272966172,0.0,0.0,19,0
153,153,153,14,285215,2,1,1268.024668472598,534.2542973577342,47.05264120877678,64.20204991978825,15,0
154,154,154,14,284376,3,1,796.1760919603081,41.265537501033776,-10.79886477056209,21.972224768968342,18,0
155,155,155,14,287321,16,0,1767.6005554835776,1815.0734491211083,22.35701753111175,40.565375556915114,10,0
156,156,156,14,284825,24,0,2039.0152926146948,294.00220501653763,-38.12467271387118,-80.03338303024361,21,0
157,157,157,14,285051,14,0,232.2553895574605,435.4585086064717,13.210694991402054,-18.738382594881784,7,0
158,158,158,15,305476,13,0,314.960294266625,565.8320806512453,-12.354355463857928,-6.573140697424947,3,0
159,159,159,15,304640,3,1,785.3772271897459,63.237762270002115,-1.1482119927318308,-45.32899604839403,18,0
160,160,160,15,306189,5,0,2016.5679831273733,963.1716392201145,0.0,0.0,5,0
161,161,161,15,306733,9,7,291.9314914444865,1311.033875439926,50.899512246337395,14.66710396483404,16,0
162,162,162,15,304904,24,0,2000.890619900824,213.968821986294,-12.974914405280972,-84.50352546814972,21,0
163,163,163,15,305160,4,0,330.3287284109081,367.9827792042699,54.5566997922756,21.61058943840271,4,0
164,164,164,15,305236,14,0,245.4660845488626,416.7201260115898,25.163405840822268,-21.35698718678964,7,0
165,165,165,15,307670,16,0,1789.9575730146896,1855.638824678024,62.36472459176548,102.7473491173987,10,0
166,166,166,15,306391,8,7,83.0680895627206,1091.3131937044996,-3.6485077521352167,-1.8973451981657945,17,0
167,167,167,15,307312,25,0,34.35094338643808,1611.7526751103705,68.65228018480553,-32.50245449312069,20,0
168,168,168,15,307504,20,0,120.3157440281382,1743.3152739327634,26.120712227167463,29.793401593387213,14,0
169,169,169,15,306450,11,10,1168.5387671755425,1124.3881087355462,26.878695235877327,-45.02475714426305,11,0
170,170,170,15,305171,26,0,1861.4019791560893,379.7330761573765,-73.97240914973167,79.89777311895398,22,0
171,171,171,15,305530,2,1,1315.0773096813748,598.4563472775225,61.7164151055058,54.99716220797314,15,0
172,172,172,15,307355,12,10,1149.5221457740986,1645.7197401674066,-39.12635192894595,43.97689327252488,12,0
173,173,173,16,334113,25,0,103.0032235712436,1579.2502206172494,77.50026420702784,-33.30848594729514,20,0
174,174,174,16,333344,11,10,1195.4174624114196,1079.3633515912832,25.896469031229802,-56.36466148014722,11,0
175,175,175,16,333699,9,7,342.8310036908239,1325.70097940476,27.09982332258727,-47.9707855453005,16,0
176,176,176,16,332268,26,0,1787.429570006358,459.6308492763305,-121.18077012109622,19.06616623117708,22,0
177,177,177,16,332174,4,0,384.88542820318366,389.5933686426727,16.86396037889341,63.93413170600087,4,0
178,178,178,16,331691,24,0,1987.9157054955426,129.4652965181443,1.5382580288080592,-105.68475780666351,21,0
179,179,179,16,334283,12,10,1110.3957938451526,1689.6966334399312,-10.240934292410657,-20.477786979179648,12,0
180,180,180,16,333365,8,7,79.41958181058537,1089.4158485063338,5.20135320684838,22.396515583352993,17,0
181,181,181,16,334423,20,0,146.4364562553057,1773.108675526151,9.059958202376832,-19.320852375550658,14,0
182,182,182,16,332177,14,0,270.62949038968486,395.36313882480016,19.784793862044467,-13.517857909254074,7,0
183,183,183,16,332607,2,1,1376.7937247868806,653.4535094854956,23.668984997235388,14.048328740442455,15,0
184,184,184,16,331513,3,1,784.2290151970143,17.908766221608087,-1.2231426529697274,-17.908766221608087,18,0
185,185,185,16,334681,16,0,1852.3222976064549,1958.3861737954223,-25.438902837140628,-35.1742160944857,10,0
186,186,186,16,332443,13,0,302.60593880276707,559.2589399538202,-2.3903801917908254,27.210835702990842,3,0
187,187,187,17,345891,13,0,300.21555861097625,586.4697756568112,-14.136051422859113,21.856783229578586,3,0
188,188,188,17,346819,8,7,84.62093501743377,1111.8123640896868,6.562815088484727,3.6502684400425096,17,0
189,189,189,17,347053,9,7,369.9308270134112,1277.7301938594596,-0.7372609570639952,-13.67597794444032,16,0
190,190,190,17,347887,20,0,155.4964144576825,1753.7878231506006,17.28753984461872,-21.743526426451808,14,0
191,191,191,17,344974,24,0,1989.453963524351,23.78053871148077,0.0,0.0,21,0
192,192,192,17,345614,14,0,290.4142842517293,381.8452809155461,9.840176773996802,44.480798844813656,7,0
193,193,193,17,344968,3,1,783.0058725440442,0.0,-10.236790802267707,6.213105935392586,18,0
194,194,194,17,345736,26,0,1666.248799885262,478.6970155075076,-33.42613238073432,33.28525701345387,22,0
195,195,195,17,345707,4,0,401.7493885820771,453.52750034867347,3.3292426948835896,99.74378226705652,4,0
196,196,196,17,347508,25,0,180.50348777827145,1545.9417346699545,59.14913745529783,-72.36824074492165,20,0
197,197,197,17,346064,2,1,1400.462709784116,667.5018382259381,139.82864067849096,44.888609409276114,15,0
198,198,198,17,348121,16,0,1826.8833947693145,1923.2119577009369,-11.897931000384233,-13.362329111573214,10,0
199,199,199,17,346651,11,10,1221.3139314426496,1022.998690111136,24.892557481002086,-46.441489478839465,11,0
200,200,200,17,347706,12,10,1100.154859552742,1669.2188464607516,-22.779086384867696,16.334669091871323,12,0
201,201,201,18,368260,3,1,772.7690817417766,6.213105935392586,11.333585012658432,10.22224473676872,18,0
202,202,202,18,369446,2,1,1540.2913504626072,712.3904476352143,74.4780091564403,9.486863854999685,15,0
203,203,203,18,371142,20,0,172.78395430230125,1732.0442967241486,14.172421616971375,-6.644984626189397,14,0
204,204,204,18,368993,14,0,300.25446102572613,426.3260797603597,29.81385623578353,27.912952964358396,7,0
205,205,205,18,369120,26,0,1632.8226675045275,511.98227252096143,28.02870602489361,33.86236297647957,22,0
206,206,206,18,371405,16,0,1814.98546376893,1909.8496285893634,-86.62114001297618,-163.78247826877399,10,0
207,207,207,18,369257,13,0,286.0795071881172,608.3265588863896,-23.0000849773507,2.348531344811704,3,0
208,208,208,18,369163,4,0,405.07863127696083,553.27128261573,-17.149229154891483,84.59551503206524,4,0
209,209,209,18,370386,9,7,369.1935660563472,1264.0542159150193,-13.658758799272961,-56.22466466380183,16,0
210,210,210,18,369917,11,10,1246.2064889236515,976.5572006322965,16.007683238637355,-30.381775966248032,11,0
211,211,211,18,370142,8,7,91.18375010591848,1115.4626325297293,19.454932981749863,18.40592691328516,17,0
212,212,212,18,370744,25,0,239.6526252335693,1473.5734939250324,15.948414291136684,-29.495038947276498,20,0
213,213,213,18,371064,12,10,1077.3757731678745,1685.553515552623,6.223278270780155,15.412465925866856,12,0
214,214,214,19,384423,12,10,1083.5990514386542,1700.9659814784898,-10.326317913873028,18.658099882546367,12,0
215,215,215,19,382765,2,1,1614.7693596190472,721.877311490214,68.61540522925975,7.329610155044179,15,0
216,216,216,19,383214,11,10,1262.214172162289,946.1754246660485,2.811478508070877,-4.2486806229748035,11,0
217,217,217,19,384009,25,0,255.60103952470595,1444.0784549777563,7.2960997411450705,-55.78392821124749,20,0
218,218,218,19,381547,3,1,784.1026667544351,16.435350672161306,-6.434645223588972,2.024081806933939,18,0
219,219,219,19,382455,26,0,1660.8513735294214,545.844635497441,103.10301168109777,-48.16354082965745,22,0
220,220,220,19,383511,8,7,110.63868308766835,1133.8685594430144,1.8158408623684184,-5.355838305596079,17,0
221,221,221,19,382322,14,0,330.0683172615097,454.2390327247181,2.4879742467456936,29.456045930531612,7,0
222,222,222,19,382557,13,0,263.07942221076644,610.6750902312014,-19.761217533318533,9.147375813467647,3,0
223,223,223,19,384476,20,0,186.95637591927257,1725.3993120979592,3.005749666791445,4.173625351853616,14,0
224,224,224,19,382617,4,0,387.9294021220692,637.8667976477952,-53.10490630264314,51.33306091070745,4,0
225,225,225,19,383608,9,7,355.5348072570742,1207.8295512512175,-24.073357376155343,-95.15490200951264,16,0
226,226,226,19,384507,16,0,1728.3643237559534,1746.0671503205897,-18.23605886052769,-37.1518608707147,10,0
227,227,227,20,413830,9,7,331.4614498809188,1112.6746492417046,-50.789314581429494,-56.824120056543045,16,0
228,228,228,20,414822,27,0,26.47714642631125,1625.7414627146688,61.17645391549023,-38.940530758186696,23,0
229,229,229,20,413575,11,10,1265.02565067036,941.9267440430735,4.737114758702318,-31.439391940286328,11,0
230,230,230,20,414917,16,0,1710.1282648954261,1708.915289449875,0.0,0.0,10,0
231,231,231,20,413184,2,1,1683.384764848307,729.206921645258,33.19273782389314,6.6889567698761985,15,0
232,232,232,20,414944,20,0,189.96212558606405,1729.5729374498126,14.9627936560249,-9.92932496230469,14,0
233,233,233,20,413867,8,7,112.45452395003677,1128.5127211374186,-13.098293526815553,4.435109726426617,17,0
234,234,234,20,413032,13,0,243.31820467744788,619.822466044669,-20.521033493372872,-19.41104333396993,3,0
235,235,235,20,413143,4,0,334.8244958194261,689.1998585585028,-15.485467712429852,-21.468378899485856,4,0
236,236,236,20,411954,3,1,777.6680215308461,18.45943247909525,-15.662306487983301,-18.45943247909525,18,0
237,237,237,20,414928,12,10,1073.2727335247814,1719.6240813610361,-20.09380712413645,19.13444654347085,12,0
238,238,238,20,412829,26,0,1763.9543852105191,497.68109466778367,72.29675428652035,-26.17178752490525,22,0
239,239,239,20,412825,14,0,332.5562915082554,483.6950786552498,-26.454623804561486,-19.77015345589217,7,0
240,240,240,20,414361,25,0,262.89713926585097,1388.2945267665089,-16.079447561020686,-47.77300605527466,20,0
241,241,241,21,423718,9,7,280.67213529948936,1055.8505291851618,-37.88843934671425,-36.389248336387475,16,0
242,242,242,21,423844,8,7,99.35623042322122,1132.947830863845,16.835742807673213,29.75625868649581,17,0
243,243,243,21,424868,20,0,204.9249192420889,1719.6436124875079,17.71093096697555,23.52259325046657,14,0
244,244,244,21,422787,14,0,306.1016677036938,463.92492519935763,-49.18369528694456,-47.679914247584065,7,0
245,245,245,21,423523,11,10,1269.7627654290625,910.4873521027873,-17.320516773731015,-11.688311360368973,11,0
246,246,246,21,424847,17,16,1725.1982793007473,1701.6595552977606,73.08859168708591,129.99226033835134,24,0
247,247,247,21,422029,3,1,762.0057150428627,0.0,-29.20695427467945,29.26779681916109,18,0
248,248,248,21,424202,25,0,246.8176917048304,1340.5215207112342,-2.8506060487951563,-16.838910785645794,20,0
249,249,249,21,424683,27,0,87.65360034180149,1586.8009319564826,9.034775329619407,-18.31953162579884,23,0
250,250,250,21,424907,12,10,1053.178926400645,1738.7585279045072,-9.751850056906962,13.464718865960322,12,0
251,251,251,21,424758,18,16,1699.136404913846,1654.5085730576636,-72.07655006430718,-95.84509864959408,25,0
252,252,252,21,423124,4,0,319.33902810699624,667.7314796590167,-24.713938356634912,-5.593033650782331,4,0
253,253,253,21,423221,2,1,1716.5775026722001,735.8958784151342,5.5473170022207805,-0.5870139129341396,15,0
254,254,254,21,422800,26,0,1836.2511394970395,471.50930714287836,-178.00475630111458,21.150304647404823,22,0
255,255,255,21,422992,13,0,222.797171184075,600.4114227106992,-19.15736864348437,-13.340425282890234,3,0
256,256,256,22,447494,25,0,243.96708565603518,1323.6826099255886,-3.197853586336976,-25.243875273828287,20,0
257,257,257,22,446051,14,0,256.9179724167493,416.2450109517735,-37.48059893178592,10.309202809587648,7,0
258,258,258,22,447043,9,7,242.78369595277508,1019.4612808487744,-53.4960998712717,-0.4966707600796098,16,0
259,259,259,22,446828,11,10,1252.4422486553312,898.7990407424184,1.6351672021635295,-31.4473720179883,11,0
260,260,260,22,445355,3,1,732.7987607681833,29.26779681916109,-46.546556322812656,4.189311230050953,18,0
261,261,261,22,446315,13,0,203.6398025405907,587.0709974278087,0.5199921845856181,-7.700189244993112,3,0
262,262,262,22,447945,18,16,1627.0598548495389,1558.6634744080695,-15.03161897103928,-24.060977790225248,25,0
263,263,263,22,448246,20,0,222.63585020906447,1743.166205737975,-22.868419827642807,-30.878197930786428,14,0
264,264,264,22,448373,17,16,1798.2868709878326,1831.6518156361121,43.75867609585384,86.36760913484045,24,0
265,265,265,22,448274,12,10,1043.427076343738,1752.2232467704673,-1.5097748299917841,34.97284650797474,12,0
266,266,266,22,446448,4,0,294.6250897503613,662.1384460082345,-3.8135670522672735,-7.8017566282829875,4,0
267,267,267,22,447962,27,0,96.68837567142089,1568.4814003306835,-3.1545909824934446,-1.9116567714731896,23,0
268,268,268,22,447259,8,7,116.19197323089443,1162.7040895503408,0.8396857635764263,-12.366997395046155,17,0
269,269,269,22,446168,26,0,1658.2463831959244,492.6596117902831,89.04474692411918,-1.2174459467161682,22,0
270,270,270,22,446584,2,1,1722.1248196744214,735.3088645022003,7.982494112199903,1.0355607832848364,15,0
271,271,271,23,465635,26,0,1747.2911301200436,491.44216584356695,89.14593838126734,-73.3095577438296,22,0
272,272,272,23,465762,13,0,204.15979472517628,579.3708081828158,4.118307321054516,-6.085698515219293,3,0
273,273,273,23,466285,11,10,1254.0774158574948,867.3516687244299,23.970555556293448,16.472736128794054,11,0
274,274,274,23,464778,3,1,686.2522044453707,33.45710804921205,-9.977872434248637,1.5986737874125865,18,0
275,275,275,23,466538,9,7,189.2875960815034,1018.9646100886947,-68.91916367140867,-31.015344859362468,16,0
276,276,276,23,465545,14,0,219.43737348496344,426.55421376136115,55.403682019284716,35.409897805919684,7,0
277,277,277,23,467703,20,0,199.7674303814217,1712.2880078071885,-28.101302722270503,20.281786586027685,14,0
278,278,278,23,465909,4,0,290.81152269809405,654.3366893799515,0.6155273684269105,-2.473592842992048,4,0
279,279,279,23,466068,2,1,1730.1073137866208,736.3444252854849,29.23326948841145,-2.156040353804201,15,0
280,280,280,23,467986,17,16,1842.0455470836864,1918.0194247709528,16.16868293056791,30.36870676422609,24,0
281,281,281,23,467422,18,16,1612.0282358784991,1534.6024966178445,8.625474835885825,14.099973797966864,25,0
282,282,282,23,466782,8,7,117.03165899447086,1150.3370921552944,7.0124369839229965,8.678205362949031,17,0
283,283,283,23,467484,27,0,93.53378468892744,1566.5697435592106,-21.54304257092349,-4.847959182670593,23,0
284,284,284,23,467804,12,10,1041.9173015137462,1787.196093278442,4.022097019166722,12.315576856683492,12,0
285,285,285,23,467002,25,0,240.76923206969815,1298.43873465176,5.195441370814251,-43.242194804715155,20,0
286,286,286,24,485733,4,0,291.4270500665209,651.8630965369596,-17.81516695002091,3.803089480945232,4,0
287,287,287,24,484672,3,1,676.2743320111219,35.055781836624625,-2.999617140932173,-1.3698788143456255,18,0
288,288,288,24,485344,26,0,1836.4370685013118,418.1326080997374,92.25413485601689,-65.18138700110829,22,0
289,289,289,24,485582,13,0,208.2781020462308,573.2851096675963,1.2422238936329109,-13.028813712591615,3,0
290,290,290,24,485418,14,0,274.84105550424806,461.9641115672808,27.74932495790722,31.915167857697497,7,0
291,291,291,24,486634,8,7,124.04409597839386,1159.0152975182436,-2.8300074487403184,-23.83794193795689,17,0
292,292,292,24,487242,18,16,1620.6537107143854,1548.7024704158111,28.870503095140748,-85.2223959756841,25,0
293,293,293,24,485929,2,1,1759.3405832750323,734.1883849316807,35.96208598162252,-2.3222975397845858,15,0
294,294,294,24,487657,12,10,1045.939398532913,1799.511670135125,1.8869071369874744,5.792309103232127,12,0
295,295,295,24,486760,25,0,245.96467344051246,1255.196539847045,14.582819967066367,-27.92419029620624,20,0
296,296,296,24,487536,20,0,171.6661276591512,1732.569794393216,24.024561601718432,98.61463070852595,14,0
297,297,297,24,486367,9,7,120.36843241009474,987.9492652293322,-52.78275715319848,-41.370887061797475,16,0
298,298,298,24,487263,27,0,71.99074211800395,1561.7217843765395,1.4080076051763797,5.598154105859521,23,0
299,299,299,24,486172,11,10,1278.0479714137882,883.8244048532242,12.466528213095446,10.430890695736252,11,0
300,300,300,24,487865,17,16,1858.2142300142546,1948.3881315351791,-7.700351160163107,1.1264898244817232,24,0
301,301,301,25,506180,11,10,1290.5144996268834,894.2552955489604,14.395342769246554,0.6787885013260393,11,0
302,302,302,25,505570,13,0,209.5203259398637,560.2562959550048,-10.806954119981043,-9.503722682468037,3,0
303,303,303,25,506658,25,0,260.5474934075788,1227.2723495508387,15.522532821267134,-56.39410253038135,20,0
304,304,304,25,507201,27,0,73.39874972318033,1567.3199384823993,-16.579746195777304,-3.2579306707327764,23,0
305,305,305,25,997161,17,16,1850.5138788540914,1949.5146213596606,0.0,0.0,24,0
306,306,306,25,507663,20,0,195.6906892608696,1831.184425101742,2.485349929791795,-27.729368515347005,14,0
307,307,307,25,504618,3,1,673.2747148701899,33.68590302227901,-0.9685660708346404,-2.518630700604536,18,0
308,308,308,25,507626,12,10,1047.8263056699004,1805.3039792383565,2.1459319326668265,-3.977801028502654,12,0
309,309,309,25,505448,14,0,302.5903804621553,493.8792794249784,5.78258143798638,15.241769254197152,7,0
310,310,310,25,505204,26,0,1928.6912033573278,352.95122109862905,-1.1460087466443838,2.4073841635772624,22,0
311,311,311,25,505746,4,0,273.6118831165,655.6661860179047,-3.275247665266648,-11.27859150210736,4,0
312,312,312,25,506258,9,7,67.58567525689628,946.5783781675348,-19.14683333322857,-16.465976150948336,16,0
313,313,313,25,506525,8,7,121.21408852965357,1135.1773555802868,3.784861767310432,17.459298626313743,17,0
314,314,314,25,505882,2,1,1795.3026692566543,731.866087391896,14.617605037065687,-2.9247168050131904,15,0
315,315,315,25,507065,18,16,1649.5242138095261,1463.480074440127,113.13275972218548,-135.10605109100334,25,0
316,316,316,26,525448,13,0,198.7133718198827,550.7525732725369,3.711374980858381,-17.940862042999466,3,0
317,317,317,26,525772,2,1,1809.9202742937205,728.941370586883,-3.0147473555734905,-11.480380362894039,15,0
318,318,318,26,526060,11,10,1304.9098423961302,894.9340840502864,1.5402106216861284,-50.65449499383715,11,0
319,319,319,26,525376,14,0,308.37296190014166,509.1210486791755,9.64243778473616,0.7931430950918069,7,0
320,320,320,26,526722,18,16,1762.6569735317114,1328.3740233491235,38.20773877521742,-39.204546240158145,25,0
321,321,321,26,527160,27,0,56.81900352740304,1564.0620078116665,7.436413011833622,-6.226122096925337,23,0
322,322,322,26,527256,28,0,17.457420743266894,1643.929985694717,19.057417329884448,34.956849481056224,26,0
323,323,323,26,527512,20,0,198.17603919066138,1803.455056586395,-6.412793886371304,26.602126670103868,14,0
324,324,324,26,997179,17,16,1850.5138788540914,1949.5146213596606,-18.000135001012264,-27.000202501518746,24,0
325,325,325,26,526111,9,7,48.43884192366771,930.1124020165863,-48.43884192366771,-58.10586196753628,16,0
326,326,326,26,526449,8,7,124.99895029696395,1152.6366542066005,0.445578280544396,-2.2294162022399178,17,0
327,327,327,26,525588,4,0,270.3366354512334,644.3875945157972,-10.283899736136448,-12.063410720833756,4,0
328,328,328,26,525077,26,0,1927.545194610684,355.35860526220637,-193.36101110007144,125.0829042230852,22,0
329,329,329,26,527509,12,10,1049.9722376025672,1801.326178209855,-0.04996576602616186,4.193159936844495,12,0
330,330,330,26,524502,3,1,672.3061487993552,31.16727232167447,6.462880950231807,0.7959616662914577,18,0
331,331,331,26,526487,25,0,276.070026228846,1170.8782470204574,-9.459885857693052,-33.78265887577163,20,0
332,332,332,27,997197,17,16,1832.5137438530792,1922.514418858141,-9.00006750050602,-24.000180001350145,24,0
333,333,333,27,544363,3,1,678.769029749587,31.963233987965932,3.990129517850733,0.13050624325074267,18,0
334,334,334,27,545260,14,0,318.0153996848779,509.91419177426735,4.13118232152533,12.084460990021,7,0
335,335,335,27,545454,4,0,260.05273571509696,632.3241837949636,-3.462489760442053,-4.928516185821195,4,0
336,336,336,27,547200,28,0,36.51483807315135,1678.8868351757735,-9.376866644492686,21.526363268626934,26,0
337,337,337,27,545827,11,10,1306.4500530178166,844.2795890564493,1.6663521782127189,-44.33880892125717,11,0
338,338,338,27,546307,8,7,125.44452857750835,1150.4072380043606,8.957409305771122,29.619843705526137,17,0
339,339,339,27,546981,27,0,64.25541653923665,1557.8358857147412,-2.173520553439957,1.7973589718842504,23,0
340,340,340,27,547397,12,10,1049.922271836541,1805.5193381466995,-1.6720242589497047,-0.25415887955591643,12,0
341,341,341,27,545592,2,1,1806.905526938147,717.4609902239888,-24.97279266147029,-29.77958590604556,15,0
342,342,342,27,545881,9,7,0.0,872.0065400490503,0.0,0.0,16,0
343,343,343,27,545307,13,0,202.42474680074105,532.8117112295373,26.668460878951866,-15.841775337773807,3,0
344,344,344,27,545232,26,0,1734.1841835106122,480.44150948529153,-36.66249122097042,6.563455338391464,22,0
345,345,345,27,546288,25,0,266.6101403711529,1137.0955881446855,-7.93665468203659,-17.657456008652844,20,0
346,346,346,27,546513,18,16,1800.864712306929,1289.1694771089656,53.98422045239749,-62.66661103757724,25,0
347,347,347,27,547443,20,0,191.76324530429008,1830.0571832564988,7.1113421019713625,4.852480355662691,14,0
348,348,348,28,567406,20,0,198.87458740626147,1834.9096636121606,0.0,0.0,14,0
349,349,349,28,565166,14,0,322.1465820064032,521.9986527642883,-3.1869773819221336,5.9878817281500005,7,0
350,350,350,28,564225,3,1,682.7591592674378,32.09374023121667,-5.191960534669533,-2.909081587323453,18,0
351,351,351,28,565156,13,0,229.0932076796929,516.9699358917635,15.504698505251524,-8.745359193408719,3,0
352,352,352,28,567160,28,0,27.137971428658663,1700.4131984444007,13.963189457953485,7.210104044894023,26,0
353,353,353,28,567352,12,10,1048.2502475775914,1805.2651792671438,1.0585185297372846,-4.495392185782748,12,0
354,354,354,28,997215,17,16,1823.5136763525727,1898.5142388567913,-33.88151987414926,-67.86171153938267,24,0
355,355,355,28,566265,18,16,1854.8489327593265,1226.5028660713886,41.002815772674005,-40.62050062484785,25,0
356,356,356,28,566905,27,0,62.08189598579669,1559.6332446866254,20.079203220963148,-37.34808639364496,23,0
357,357,357,28,566207,8,7,134.4019378832795,1180.0270817098867,-7.974568040314237,-13.210693091602481,17,0
358,358,358,28,565296,4,0,256.5902459546549,627.3956676091424,-14.679094909203856,-9.153252999412867,4,0
359,359,359,28,565584,11,10,1308.116405196029,799.9407801351921,0.050811467036055546,15.354431119907645,11,0
360,360,360,28,565393,2,1,1781.9327342766767,687.6814043179436,-53.08912214091174,-5.220834852470715,15,0
361,361,361,28,566132,25,0,258.6734856891163,1119.4381321360333,-17.88824850849531,-16.04381458995954,20,0
362,362,362,28,565079,26,0,1697.5216922896418,487.004964823683,30.306763460078848,-33.319020827244344,22,0
363,363,363,29,585000,13,0,244.5979061849444,508.2245766983548,11.320150111218258,-4.779098208784888,3,0
364,364,364,29,587083,22,20,183.37490373428642,1810.5137074268268,-33.52946650180954,-44.87556226609945,27,0
365,365,365,29,584108,3,1,677.5671987327682,29.18465864389322,-0.5025843282294318,-3.102227800056568,18,0
366,366,366,29,584940,26,0,1727.8284557497207,453.6859439964386,-72.895270007097,19.36444827364079,22,0
367,367,367,29,585281,2,1,1728.8436121357654,682.4605694654726,-38.30638714341853,40.12262036665288,15,0
368,368,368,29,586018,25,0,240.78523718062087,1103.3943175460734,-3.9193381332698607,-1.469414128790504,20,0
369,369,369,29,587138,21,20,229.06292093068038,1842.9902916394565,-1.8241436569864504,59.632104503498105,28,0
370,370,370,29,586661,27,0,82.16109920675984,1522.2851582929807,52.204587475092794,-60.637497759534654,23,0
371,371,371,29,586950,28,0,41.10116088661214,1707.6233024892945,15.46748470641772,22.267111264867935,26,0
372,372,372,29,585049,14,0,318.9596046244812,527.9865344924383,2.616392817591475,2.001184039158261,7,0
373,373,373,29,586074,8,7,126.42736984296523,1166.8163886182842,-1.7506885954689864,-0.4739340716628249,17,0
374,374,374,29,587069,12,10,1049.308766107329,1800.7697870813608,0.05290629092837662,2.6574231309280094,12,0
375,375,375,29,585168,4,0,241.91115104545105,618.2424146097295,-2.1705543279282717,2.919697506536295,4,0
376,376,376,29,587120,17,16,1789.6321564784241,1830.6525273174088,-30.60104169851843,-51.826201879177006,24,0
377,377,377,29,586100,18,16,1895.8517485320008,1185.8823654465405,71.95717199517867,-63.765759844970944,25,0
378,378,378,29,585525,11,10,1308.1672166630651,815.2952112550998,16.334099049885708,-3.066508466335904,11,0
379,379,379,30,606665,27,0,134.36568668185262,1461.6476605334458,26.695065018009586,-33.160779856763384,23,0
380,380,380,30,605480,11,10,1324.5013157129508,812.2287027887637,12.078899825211694,-20.923219531840235,11,0
381,381,381,30,604906,26,0,1654.9331857426237,473.0503922700793,32.50242772626416,0.7908421488818362,22,0
382,382,382,30,605999,18,16,1967.8089205271792,1122.1166056015697,38.02327950664244,-29.88271968245999,25,0
383,383,383,30,604929,13,0,255.9180562961627,503.4454784895698,-3.699122650063232,-15.3588193754469,3,0
384,384,384,30,607168,17,16,1759.0311147799055,1778.8263254382318,-22.625249310642857,-39.664670861512384,24,0
385,385,385,30,605955,25,0,236.86589904735115,1101.9249034172826,0.01185206462662336,-0.2503366797941453,20,0
386,386,386,30,607106,28,0,56.56864559302986,1729.8904137541626,25.817584006755123,37.310167565930435,26,0
387,387,387,30,605112,4,0,239.7405967175228,621.1621121162657,-9.223552853736349,-3.764721265216167,4,0
388,388,388,30,604059,3,1,677.0646144045387,26.082430843836647,-5.871561166658921,1.6269714000785385,18,0
389,389,389,30,607197,12,10,1049.361672398257,1803.4272102122889,-2.823953769071977,-3.005695877579456,12,0
390,390,390,30,605308,2,1,1690.5372249923464,722.5831898321255,13.623985523545349,10.496028938459515,15,0
391,391,391,30,607345,21,20,227.238777273694,1902.6223961429544,-18.6860756020038,112.06046398084275,28,0
392,392,392,30,607155,22,20,149.84543723247685,1765.6381451607276,-57.20434317978719,-87.59503549239867,27,0
393,393,393,30,604982,14,0,321.5759974420725,529.9877185315966,-7.678324908319155,-7.207659213350892,7,0
394,394,394,30,606070,8,7,124.67668124749626,1166.3424545466216,-3.2808628770598034,-2.3683406043912782,17,0
395,395,395,31,626121,25,0,236.87775111197777,1101.6745667374887,7.954788091577996,-8.548740030024646,20,0
396,396,396,31,626728,27,0,161.06075169986218,1428.4868806766824,27.004684034715808,-34.5124543532952,23,0
397,397,397,31,625487,2,1,1704.1612105158918,733.079218770585,3.5789612399528323,0.949590636505036,15,0
398,398,398,31,626223,8,7,121.39581837043646,1163.9741139422301,-1.4292598375547954,-12.026237675406033,17,0
399,399,399,31,627215,17,16,1736.4058654692624,1739.1616545767195,-20.02784375671854,-32.06227183815713,24,0
400,400,400,31,627118,22,20,92.64109405268968,1678.043109668329,1.723708118285728,-34.67751470683652,26,0
401,401,401,31,626113,18,16,2005.8322000338208,1092.2338859191098,12.059953470211212,-29.40044310519216,25,0
402,402,402,31,627267,28,0,82.38622959978498,1767.2005813200929,-4.036430126901139,40.323022899161295,27,0
403,403,403,31,625093,13,0,252.21893364609943,488.086659114123,2.1817409507718253,-3.8110364158461607,3,0
404,404,404,31,627557,21,20,208.5527016716901,2014.6828601237974,0.0,0.0,28,0
405,405,405,31,625146,14,0,313.89767253375334,522.7800593182457,-8.454399212473902,1.1416372882549697,7,0
406,406,406,31,625274,4,0,230.51704386378643,617.3973908510496,-5.797911694372885,3.394686675937692,4,0
407,407,407,31,624284,3,1,671.1930532378799,27.70940224391519,4.905734384502011,-0.21911034646856464,18,0
408,408,408,31,625084,26,0,1687.4356134688876,473.8412344189613,-54.39939384121499,10.016931724896438,22,0
409,409,409,31,627313,12,10,1046.537718629185,1800.4215143347094,10.310741455047491,-3.2407659195530414,12,0
410,410,410,31,625584,11,10,1336.5802155381625,791.3054832569237,-18.51773854366911,18.05165742929239,11,0
411,411,411,32,648815,2,1,1707.7401717558444,734.0288094070903,-11.740153548500302,3.5770662777514417,15,0
412,412,412,32,650542,12,10,1056.8484600842326,1797.1807484151566,16.967717823918974,3.0375399717879645,12,0
413,413,413,32,648353,13,0,254.4006745968713,484.27562269827683,7.523116773153106,0.030962645409260862,3,0
414,414,414,32,648576,4,0,224.7191321694136,620.7920775269872,-14.417065336211696,-24.376398400136853,4,0
415,415,415,32,648354,26,0,1633.0362196276728,483.85816614385766,58.99265020793541,7.996063166888405,22,0
416,416,416,32,650402,17,16,1716.3780217125436,1707.0993827385626,-39.64635089252874,-39.36408921118914,24,0
417,417,417,32,648933,11,10,1318.0624769944936,809.357140686216,12.790572395403162,5.317130891732177,11,0
418,418,418,32,650278,22,20,94.3648021709754,1643.3655949614922,74.69013350122898,13.158758830421448,26,0
419,419,419,32,649336,18,16,2017.8921535040329,1062.8334428139174,21.123139110661896,-57.82590525738578,25,0
420,420,420,32,650557,28,0,78.34979947288384,1807.5236042192541,-12.989503042399518,19.155331231125047,27,0
421,421,421,32,649500,8,7,119.96655853288166,1151.947876266824,3.0287169769209332,9.729243429294002,17,0
422,422,422,32,648405,14,0,305.4432733212795,523.9216966065006,3.2977172170777185,10.099314318959726,7,0
423,423,423,32,649908,27,0,188.06543573457802,1393.9744263233872,8.72335398784702,-19.6580757830784,23,0
424,424,424,32,647543,3,1,676.0987876223819,27.490291897446625,-5.299247040693103,-2.0957342606809704,18,0
425,425,425,32,649398,25,0,244.83253920355577,1093.125826707464,17.901216533024186,-0.8726871114702135,20,0
426,426,426,33,667342,12,10,1073.8161779081515,1800.2182883869446,-12.454181495374995,3.112305914833541,12,0
427,427,427,33,665325,4,0,210.30206683320182,596.4156791268505,-8.686657731922907,-21.868624475057914,4,0
428,428,428,33,666595,27,0,196.78878972242504,1374.3163505403086,1.8120171917207413,-0.06590838171746327,23,0
429,429,429,33,667136,17,16,1676.7316708200153,1667.7352935273734,-61.47690289913885,-53.79327945673731,24,0
430,430,430,33,667109,22,20,169.05493567220438,1656.5243537919134,26.305202743092018,-65.24203920516516,26,0
431,431,431,33,667386,28,0,65.36029643048433,1826.6789354503799,8.153700716865117,28.75258448003365,27,0
432,432,432,33,665179,26,0,1692.0288698356082,491.8542293107462,-43.58534502048633,-16.957754343143108,22,0
433,433,433,33,665691,11,10,1330.8530493898966,814.6742715779483,9.688049673027537,-5.800685552383128,11,0
434,434,434,33,665247,14,0,308.7409905383572,534.0210109254604,-13.622158099627313,6.827458448601647,7,0
435,435,435,33,666237,8,7,122.9952755098026,1161.677119696118,6.4360354245626334,13.783205020449483,17,0
436,436,436,33,666131,25,0,262.73375573657995,1092.2531395959938,-14.420916552897069,-24.43483292644487,20,0
437,437,437,33,666000,18,16,2039.0152926146948,1005.0075375565317,0.0,0.0,25,0
438,438,438,33,664342,3,1,670.7995405816888,25.394557636765647,2.016390386890521,0.5448778746700214,18,0
439,439,439,33,665174,13,0,261.9237913700244,484.3065853436862,-0.9257051886001476,-0.9503683942265296,3,0
440,440,440,33,665589,2,1,1696.0000182073443,737.6058756848413,-31.524357833763126,-6.683154298169256,15,0
441,441,441,34,689738,27,0,198.60080691414575,1374.2504421585913,0.8080468734145256,-20.53603426771405,23,0
442,442,442,34,687496,3,1,672.8159309685792,25.93943551143568,-1.918939375529476,1.0446106171999183,18,0
443,443,443,34,689006,29,0,2039.0152926146948,890.0066750500633,-3.986417264695546,-92.75118712598372,29,0
444,444,444,34,688431,4,0,201.6154091012789,574.5470546517926,-8.436190623950694,-2.3282798901884694,4,0
445,445,445,34,690191,17,16,1615.2547679208765,1613.9420140706359,5.294502498117936,5.043610180819087,24,0
446,446,446,34,689292,25,0,248.31283918368285,1067.818306669549,3.737286442883857,-13.660318344930827,20,0
447,447,447,34,688902,11,10,1340.541099062924,808.873586025565,-2.0949727436477588,8.426922064072187,11,0
448,448,448,34,688283,13,0,260.99808618142424,483.3562169494596,-6.2254096167550586,-0.5643963293769616,3,0
449,449,449,34,690520,28,0,73.51399714734943,1855.4315199304126,-5.091928874092133,12.815105137469573,27,0
450,450,450,34,690142,22,20,195.3601384152964,1591.2823145867483,5.604756540400274,-36.57624167633503,26,0
451,451,451,34,690463,12,10,1061.3619964127763,1803.3305943017776,-0.625224274519951,-1.3019469314865546,12,0
452,452,452,34,689468,8,7,129.43131093436523,1175.4603247165676,-5.522507115090151,-15.866317571077161,17,0
453,453,453,34,688371,14,0,295.11883243872984,540.848469374062,-8.413038818733867,-0.4407231851572533,7,0
454,454,454,34,688279,26,0,1648.4435248151221,474.896474967603,-14.826617876833096,10.481586258335255,22,0
455,455,455,34,688759,2,1,1664.4756603735811,730.9227213866723,-24.677536681184158,-2.6010105889307624,15,0
456,456,456,35,705199,2,1,1639.7981236923968,728.3217107977415,-0.6867977178126239,0.8028804255784507,15,0
457,457,457,35,704940,4,0,193.17921847732825,572.2187747616042,-4.10538573820196,1.7939106156047728,4,0
458,458,458,35,706924,12,10,1060.7367721382566,1802.0286473702915,17.941044112562853,-0.4374267237183176,12,0
459,459,459,35,707015,28,0,68.42206827325731,1868.2466250678824,-26.921757020922907,33.2676362890777,27,0
460,460,460,35,704004,3,1,670.8969915930497,26.984046128635594,5.632637737181426,-0.22528134042364198,18,0
461,461,461,35,704793,13,0,254.77267656466918,482.7918206200826,-8.82026323835612,0.23379523860882045,3,0
462,462,462,35,705375,11,10,1338.4461263192763,817.3005080896373,-7.039861364947456,8.44690540763952,11,0
463,463,463,35,704796,26,0,1633.6169069382888,485.3780612259383,5.199610630641473,-3.3442744503765316,22,0
464,464,464,35,705331,29,0,2035.0288753499995,797.2554879240795,-33.441834259902635,-10.144488040744932,29,0
465,465,465,35,706672,17,16,1620.5492704189944,1618.985624251455,-26.303519739530202,4.614690028647146,24,0
466,466,466,35,704886,14,0,286.7057936199961,540.4077461889048,-21.71390006082117,8.858959045800132,7,0
467,467,467,35,705783,25,0,252.05012562656674,1054.1579883246181,3.670796360447184,-49.87223767954527,20,0
468,468,468,35,706551,22,20,200.96489495569668,1554.7060729104135,-4.329674826710487,2.6697711997258007,26,0
469,469,469,35,706228,27,0,199.4088537875603,1353.7144078908773,2.6936060561517077,-8.94879149823123,23,0
470,470,470,35,705973,8,7,123.90880381927508,1159.5940071454907,4.011585692484985,6.686568103476702,17,0
471,471,471,36,726413,17,16,1594.2457506794642,1623.6003142801019,-123.70963524397484,-50.42342828376264,24,0
472,472,472,36,724609,4,0,189.07383273912632,574.0126853772089,0.5394703878575342,-8.91140905405507,4,0
473,473,473,36,724576,14,0,264.99189355917485,549.2667052347049,-0.7186057666701231,6.509316300416456,7,0
474,474,474,36,725344,25,0,255.7209219870139,1004.2857506450728,37.11069149317353,-36.844728721593704,20,0
475,475,475,36,725030,11,10,1331.4062649543291,825.7474134972767,3.4942902784873686,17.481670765534318,11,0
476,476,476,36,725625,8,7,127.92038951176006,1166.2805752489674,-2.895662918097287,0.6017189994292949,17,0
477,477,477,36,723672,3,1,676.5296293302313,26.758764788211952,-1.2326831209340978,1.9697975632932376,18,0
478,478,478,36,724952,29,0,2001.5870410900968,787.1109998833342,-32.93812144576168,-25.793675515124626,29,0
479,479,479,36,726296,22,20,196.63522012898625,1557.3758441101393,-35.55756799757924,52.855082356342564,26,0
480,480,480,36,725948,27,0,202.102459843712,1344.765616392646,4.469853471083327,-15.451935334087693,23,0
481,481,481,36,724855,2,1,1639.1113259745844,729.12459122332,-6.994406437176168,-1.10229302580251,15,0
482,482,482,36,726678,12,10,1078.6778162508194,1801.5912206465728,18.948308629166373,-22.52425823606541,12,0
483,483,483,36,996978,28,0,41.5003112523344,1901.51426135696,-12.000080413028085,6.000664947338238,27,0
484,484,484,36,724469,13,0,245.952413326313,483.0256158586914,1.595397029389744,4.165690675143197,3,0
485,485,485,36,724468,26,0,1638.8165175689303,482.03378677556174,-3.6188276034076807,-2.488995279464575,22,0
486,486,486,37,737483,3,1,675.2969462092973,28.728562351505193,0.8745505743299873,-1.1060681867084448,18,0
487,487,487,37,742539,17,16,1470.5361154354896,1573.1768859963395,-30.48916302119028,-21.782374172839575,24,0
488,488,488,37,741290,8,7,125.02472659366278,1166.8822942483964,0.7130361022808529,-4.233597038461312,17,0
489,489,489,37,742633,22,20,161.07765213140698,1610.2309264664816,55.30606098660951,-83.90958569772715,26,0
490,490,490,37,3132201,28,0,29.500230839306315,1907.5149263042983,-12.000093900734765,21.00016432628581,27,0
491,491,491,37,740140,11,10,1334.9005552328165,843.2290842628108,-3.5508589612563815,-5.382917007733909,11,0
492,492,492,37,743302,30,0,189.00141751063128,2039.0152926146948,-54.0216236450247,-64.8301154092976,30,0
493,493,493,37,739780,2,1,1632.1169195374082,728.0222981975174,5.050343486363545,-0.574674046448763,15,0
494,494,494,37,739871,29,0,1968.648919644335,761.3173243682097,-33.85307359889589,-16.00681068704648,29,0
495,495,495,37,740575,25,0,292.83161348018746,967.4410219234793,21.136674807560038,-7.7253612922881985,20,0
496,496,496,37,742943,12,10,1097.6261248799858,1779.0669624105076,18.999034847785424,-21.46156611717129,12,0
497,497,497,37,738963,26,0,1635.1976899655224,479.54479149609716,4.768146814289139,6.17234399194831,22,0
498,498,498,37,739219,14,0,264.2732877925048,555.7760215351213,20.67233783745104,2.801886402343598,7,0
499,499,499,37,738994,13,0,247.5478103557028,487.1913065338346,8.650284647993686,9.071378324998534,3,0
500,500,500,37,739250,4,0,189.61330312698382,565.1012763231538,0.059119566580619676,-1.7472652368410309,4,0
501,501,501,37,741751,27,0,206.5723133147953,1329.3136810585586,12.958942729521567,-19.611274825492046,23,0
502,502,502,38,767019,26,0,1639.9658367798118,485.7171354880455,-21.1678283319784,14.245624430601197,22,0
503,503,503,38,3132207,28,0,17.50013693857155,1928.5150906305842,-3.0000234751836987,-15.00011737591899,27,0
504,504,504,38,767694,11,10,1331.3496962715599,837.846167255077,-5.7356735441580895,4.249989284413687,11,0
505,505,505,38,768834,22,20,216.38371311801646,1526.321340768755,36.380912088214586,-60.5534976817728,26,0
506,506,506,38,767905,25,0,313.9682882877475,959.715660631191,-7.981735573401183,-13.083699271685418,20,0
507,507,507,38,768865,17,16,1440.046952414299,1551.3945118235001,-25.745195528956856,-9.72636978513856,24,0
508,508,508,38,765350,3,1,676.1714967836273,27.62249416479675,-5.339094120355412,-1.491270736196995,18,0
509,509,509,38,768453,27,0,219.5312560443169,1309.7024062330665,12.044121282461418,-15.423547769746392,23,0
510,510,510,38,767035,13,0,256.1980950036965,496.26268485883315,11.454244712602586,-7.100351875538022,3,0
511,511,511,38,769531,30,0,134.97979386560664,1974.1851772053967,26.762927337323426,-38.09675924917292,30,0
512,512,512,38,767193,4,0,189.67242269356444,563.3540110863128,-2.987126889250192,-3.3879620945442634,4,0
513,513,513,38,767551,29,0,1934.7958460454392,745.3105136811632,-20.18381523662537,8.370037420020706,29,0
514,514,514,38,767186,14,0,284.94562562995577,558.5779079374649,9.407359455004947,-13.231206077421806,7,0
515,515,515,38,769238,12,10,1116.6251597277712,1757.6053962933365,19.30752654543562,-38.991314943823454,12,0
516,516,516,38,767508,2,1,1637.1672630237713,727.4476241510687,0.9016423037064668,-1.4821276571803992,15,0
517,517,517,38,768244,8,7,125.73776269594364,1162.648697209935,8.660195705262552,28.978022571017622,17,0
518,518,518,39,781643,8,7,134.39795840120618,1191.6267197809527,-6.3969983940061175,-21.61794471513963,17,0
519,519,519,39,783336,30,0,161.74272120293006,1936.088417956224,23.273136456261767,-53.507652502588364,30,0
520,520,520,39,780589,4,0,186.68529580431422,559.9660489917685,4.059967969010842,2.571427823193062,4,0
521,521,521,39,780867,2,1,1638.0689053274787,725.9654964938883,10.220931088632142,-3.2668026228387816,15,0
522,522,522,39,782083,22,20,252.76462520623105,1465.767843086982,34.89057097549218,-35.58813711560674,26,0
523,523,523,39,779687,3,1,670.8324026632718,26.13122342859975,0.5615156521994322,-0.07676966662229033,18,0
524,524,524,39,780487,13,0,267.6523397162991,489.16233298329513,12.71165890751115,-0.6539355546349839,3,0
525,525,525,39,781831,27,0,231.5753773267783,1294.27885846332,10.473385149506726,-3.6671029715544137,23,0
526,526,526,39,780933,29,0,1914.612030808813,753.6805511011839,5.093804379545643,5.611834516719,29,0
527,527,527,39,782628,12,10,1135.9326862732069,1718.6140813495126,-2.4691844664694145,3.247666822675228,12,0
528,528,528,39,780571,14,0,294.3529850849606,545.3467018600431,19.065531068211953,-13.320635363968222,7,0
529,529,529,39,781051,11,10,1325.6140227274018,842.0961565394908,-4.572230932582215,3.3121898896146162,11,0
530,530,530,39,781243,25,0,305.9865527143463,946.6319613595056,-6.353713774310903,-12.380849859639852,20,0
531,531,531,39,782239,17,16,1414.301756885342,1541.6681420383609,-27.38725153254336,-13.169450124587913,24,0
532,532,532,39,3132215,28,0,14.500113463387851,1913.5149732546647,0.0,0.0,27,0
533,533,533,39,780498,26,0,1618.7980084478336,499.9627599186466,15.36705100566678,-5.969359130845021,22,0
534,534,534,40,804173,11,10,1321.0417917948196,845.4083464291052,-12.32047386726026,16.212884303698274,11,0
535,535,535,40,805290,17,16,1386.9145053527989,1528.4986919137734,-20.05603624336868,-5.940441814301723,24,0
536,536,536,40,804903,27,0,242.04876247628502,1290.6117554917655,6.756830650205956,-7.585829733454148,23,0
537,537,537,40,805152,22,20,287.65519618172317,1430.1797059713751,110.11933161589089,-106.83850676878046,26,0
538,538,538,40,803650,26,0,1634.1650594535001,493.99340078780165,20.20627074936237,-10.683307679833547,22,0
539,539,539,40,803970,2,1,1648.2898364161106,722.6986938710495,3.904083674013236,0.4645035435498812,15,0
540,540,540,40,804322,25,0,299.63283894003536,934.2511114998656,26.638535796805,-1.9351157981420783,20,0
541,541,541,40,804739,8,7,128.00096000720006,1170.008775065813,15.114705034561439,21.154551420152984,17,0
542,542,542,40,805790,30,0,185.01585765919185,1882.5807654536359,33.70960206412343,-63.39631646864883,30,0
543,543,543,40,803647,13,0,280.36399862381023,488.5083974286602,2.4036107163381075,-4.446090620829749,3,0
544,544,544,40,805562,12,10,1133.4635018067374,1721.861748172188,-4.124464059252205,6.575643676657138,12,0
545,545,545,40,803703,14,0,313.4185161531727,532.0260664960749,2.0578234533131763,-16.167780236787163,7,0
546,546,546,40,803735,4,0,190.7452637733251,562.5374768149617,-0.7481997139565522,-4.3415883920972655,4,0
547,547,547,40,804048,29,0,1919.7058351883593,759.2923856179027,1.4644943818263982,-12.16820982872025,29,0
548,548,548,40,802835,3,1,671.3939183154713,26.054453761977463,-1.7306004697621802,1.0256744027628173,18,0
549,549,549,41,825166,17,16,1366.8584691094302,1522.5582500994715,-26.269711238465103,-12.556722064341786,24,0
550,550,550,41,823529,4,0,189.9970640593685,558.1958884228643,-1.8050811731149,-7.758396940113016,4,0
551,551,551,41,823881,29,0,1921.1703295701845,747.1241757891827,1.2479904179704135,-6.017390788100897,29,0
552,552,552,41,825609,30,0,218.72545972331523,1819.1844489849868,-165.5482366479864,-53.7957319608911,30,0
553,553,553,41,823428,26,0,1654.3713302028625,483.3100931079682,15.343796157211273,15.222622677705147,22,0
554,554,554,41,824164,25,0,326.27137473684036,932.3159957017236,-11.259971338990965,3.8685065124071802,20,0
555,555,555,41,823429,13,0,282.7676093401484,484.06230680783034,4.613672765382149,-2.113031759966759,3,0
556,556,556,41,824039,11,10,1308.7213179275593,861.6212307328038,-5.20132008860196,12.381312388796115,11,0
557,557,557,41,824611,8,7,143.1156650417615,1191.163326485966,-2.2091020192602,-13.47435684921129,17,0
558,558,558,41,822648,3,1,669.663317845709,27.08012816474028,-4.7004473747881566,-1.8907626826616948,18,0
559,559,559,41,823832,2,1,1652.1939200901236,723.1631974145993,25.88859137419741,4.79636632311508,15,0
560,560,560,41,825496,12,10,1129.3390377474852,1728.4373918488452,-2.7839926940673654,1.483289186508955,12,0
561,561,561,41,824761,27,0,248.805593126491,1283.0259257583114,12.117796388567994,-8.860900118428162,23,0
562,562,562,41,824826,22,20,397.7745277976142,1323.3411992025947,63.351171614561345,-101.01388310015,26,0
563,563,563,41,823477,14,0,315.47633960648585,515.8582862592878,7.3185549142562545,0.247372566973354,7,0
564,564,564,42,845196,12,10,1126.5550450534179,1729.9206810353546,7.615861758277331,0.6689353070778452,12,0
565,565,565,42,843566,2,1,1678.082511464321,727.9595637377147,18.700902542111866,5.147473593590576,15,0
566,566,566,42,843183,26,0,1669.7151263600738,498.5327157856732,-8.373541258946716,2.1355553361055972,22,0
567,567,567,42,843247,4,0,188.19198288625358,550.4374914827513,-4.9016503840610985,1.5661833911333358,4,0
568,568,568,42,842345,3,1,664.9628704709207,25.189365482078586,-3.554822987655484,-0.7687537007158411,18,0
569,569,569,42,844426,27,0,260.923389515059,1274.1650256398832,24.25350995335577,-28.65394208263956,23,0
570,570,570,42,844837,17,16,1340.5887578709649,1510.00152803513,-22.96514850278573,-17.501489347943107,24,0
571,571,571,42,845253,30,0,53.177223075328854,1765.388717024096,-32.59678277101422,-33.74051466653736,30,0
572,572,572,42,844322,8,7,140.9065630225013,1177.6889696367548,5.0659483693080185,2.4679271660015734,17,0
573,573,573,42,843807,11,10,1303.5199978389576,874.0025431215997,-2.595287264683293,6.419226191084363,11,0
574,574,574,42,843160,13,0,287.3812821055305,481.9492750478637,1.9704341630431368,6.035989603350629,3,0
575,575,575,42,844378,22,20,461.1256994121754,1222.3273161024447,6.805531615616642,-29.057317420849586,26,0
576,576,576,42,843604,29,0,1922.418319988156,741.1067850010819,-2.4355959105262173,2.4079417332942508,29,0
577,577,577,42,843926,25,0,315.01140339784945,936.1845022141307,-4.672531663784697,-1.2202231561981307,20,0
578,578,578,42,843216,14,0,322.7948945207421,516.1056588262611,-6.266347491578357,13.478416154381762,7,0
579,579,579,43,860908,27,0,285.1768994684148,1245.5110835572434,-1.2385777666058289,-3.186204713132838,23,0
580,580,580,43,860111,29,0,1919.9827240776294,743.5147267343763,-0.007776321270739571,6.546048203992541,29,0
581,581,581,43,859717,26,0,1661.341585101127,500.66827112177884,-5.252456665448335,5.082524438594362,22,0
582,582,582,43,859749,14,0,316.52854702916375,529.5840749806429,-27.53058186831635,25.524215393473586,7,0
583,583,583,43,859781,4,0,183.29033250219254,552.0036748738846,-0.11683828221330828,-3.982010886461012,4,0
584,584,584,43,861764,12,10,1134.1709068116952,1730.589616342432,10.769850758611483,-12.5435314837066,12,0
585,585,585,43,861382,17,16,1317.6236093681796,1492.5000386871868,-30.52004838740777,-8.499352563932463,24,0
586,586,586,43,860801,8,7,145.97251139180932,1180.1568968027566,0.5814541204098019,-12.075171776697745,17,0
587,587,587,43,861761,30,0,20.58044030431464,1731.6482023575586,6.0506319070141785,15.517422571826728,30,0
588,588,588,43,860447,25,0,310.33887173406475,934.9642790579327,5.816048912749749,-30.0587958764354,20,0
589,589,589,43,858842,3,1,661.4080474832654,24.42061178136273,0.2999614514930045,1.5241976680934393,18,0
590,590,590,43,859703,13,0,289.3517162685736,487.9852646512143,-8.319791430638475,14.189759880628685,3,0
591,591,591,43,860337,11,10,1300.924710574274,880.4217693126843,-2.606698712018215,3.6804815861647735,11,0
592,592,592,43,860818,22,20,467.9312310277922,1193.269998681595,106.47804446974536,3.1616848105206827,26,0
593,593,593,43,860082,2,1,1696.7834140064328,733.1070373313049,5.782701531261409,2.8396005699507896,15,0
594,594,594,44,883789,27,0,283.93832170180895,1242.3248788441108,12.564809548127133,-7.3776718027127135,23,0
595,595,595,44,884621,30,0,26.63107221132882,1747.1656249293853,1.3166165863377015,49.83964283303772,30,0
596,596,596,44,883692,22,20,574.4092754975376,1196.4316834921158,54.694049875088474,-24.955057602160426,26,0
597,597,597,44,883214,11,10,1298.3180118622556,884.102250898849,-19.189386804446485,54.85704969011874,11,0
598,598,598,44,884558,12,10,1144.9407575703067,1718.0460848587256,0.6146630387038385,3.434074706607817,12,0
599,599,599,44,883019,29,0,1919.9749477563591,750.0607749383687,0.39381657815829385,-13.242909282384286,29,0
600,600,600,44,882631,4,0,183.1734942199793,548.0216639874236,-2.2477978673390453,-20.481005123789714,4,0
601,601,601,44,882562,26,0,1656.0891284356787,505.75079556037315,-15.17529155557122,-1.0305077401568496,22,0
602,602,602,44,884222,17,16,1287.1035609807716,1484.0006861232544,-23.317058099698443,-9.50010474396322,24,0
603,603,603,44,881753,3,1,661.7080089347584,25.94480944945618,6.102766407417108,0.9642260376075312,18,0
604,604,604,44,883257,25,0,316.1549206468145,904.9054831814972,13.711907863258428,-25.697165097683182,20,0
605,605,605,44,882552,13,0,281.03192483793515,502.17502453184295,-6.991064766329032,9.577750305451444,3,0
606,606,606,44,882998,2,1,1702.5661155376945,735.9466379012558,1.0647803214553733,2.647040410799264,15,0
607,607,607,44,882640,14,0,288.99796516084734,555.1082903741166,-12.97267281981118,10.236050391569163,7,0
608,608,608,44,883664,8,7,146.55396551221912,1168.0817250260584,-4.4843075852392635,6.063248973059897,17,0
609,609,609,45,898797,4,0,180.9256963526402,527.5406588636339,1.0057646452544304,-9.719683682918573,4,0
610,610,610,45,899180,29,0,1920.3687643345165,736.8178656559842,-5.974716162985487,-8.280029109265001,29,0
611,611,611,45,899183,2,1,1703.6308958591494,738.5936783120551,16.94036562081351,3.955271076718532,15,0
612,612,612,45,900041,27,0,296.50313124993613,1234.947207041398,4.164436235907033,-10.216955440518175,23,0
613,613,613,45,899592,11,10,1279.1286250578094,938.9593005889676,-8.945640673063053,19.583069273993143,11,0
614,614,614,45,899946,22,20,629.1033253726259,1171.4766258899554,38.64836793469669,-12.11977662561594,26,0
615,615,615,45,899462,25,0,329.86682851007293,879.2083180838141,23.407484600261174,-24.01812830320659,20,0
616,616,616,45,900803,12,10,1145.5554206090105,1721.4801595653332,-15.208268835768195,13.397434071102907,12,0
617,617,617,45,900414,17,16,1263.7865028810734,1474.5005813792914,-14.840982152813694,-9.743325937125975,24,0
618,618,618,45,898745,26,0,1640.9138368801075,504.72028782021636,-0.9740355512726636,-5.081665071700343,22,0
619,619,619,45,898776,13,0,274.0408600716061,511.7527748372944,-3.663950363781282,-3.2283766795156335,3,0
620,620,620,45,897915,3,1,667.8107753421755,26.90903548706371,0.42134187412364094,-1.8404168344698133,18,0
621,621,621,45,899957,8,7,142.06965792697986,1174.1449739991185,0.4468902759884657,-3.8227255359097403,17,0
622,622,622,45,900949,30,0,27.947688797666522,1797.005267762423,-27.947688797666522,40.00850984090857,30,0
623,623,623,45,898864,14,0,276.02529234103616,565.3443407656856,-6.693636434590247,-3.6884981797099954,7,0
624,624,624,46,921548,4,0,181.93146099789462,517.8209751807153,1.7210326357385384,-9.786672367001813,4,0
625,625,625,46,922539,8,7,142.51654820296832,1170.3222484632088,4.343182077858671,16.880511535568303,17,0
626,626,626,46,922626,27,0,300.6675674858431,1224.73025160088,1.5904797101734969,0.5316521425918381,23,0
627,627,627,46,921507,26,0,1639.9398013288348,499.638622748516,-9.35258820936383,-1.9487523222212533,22,0
628,628,628,46,921601,14,0,269.331655906446,561.6558425859756,-2.6769379715265686,13.144085514135439,7,0
629,629,629,46,922081,25,0,353.2743131103341,855.1901897806073,13.594414693063412,-14.387534957641378,20,0
630,630,630,46,921374,31,0,0.0,403.00302252266886,0.0,6.000045000337536,31,0
631,631,631,46,922525,22,20,667.7516933073226,1159.3568492643394,23.141590372092985,-27.18022371750521,26,0
632,632,632,46,921912,29,0,1914.394048171532,728.5378365467194,3.786043816283836,12.158355721385306,29,0
633,633,633,46,923447,12,10,1130.3471517732426,1734.877593636436,-3.0452477264732347,9.455713775029608,12,0
634,634,634,46,922996,17,16,1248.9455207282595,1464.7572554421652,-11.614285864184694,-0.18715052446418667,24,0
635,635,635,46,923604,30,0,0.0,1837.0137776033318,0.0,0.0,30,0
636,636,636,46,921941,2,1,1720.5712614799634,742.5489493887736,25.472212677258767,5.903473594190812,15,0
637,637,637,46,922261,11,10,1270.1829843847465,958.5423698629609,-22.94776131920275,41.39558803318869,11,0
638,638,638,46,920720,3,1,668.2321172162991,25.06861865259389,-6.314200175317524,0.8502882396090712,18,0
639,639,639,46,921521,13,0,270.37690970782484,508.52439815777876,1.5487557005465078,7.958766320292567,3,0
640,640,640,47,937102,3,1,661.9179170409816,25.91890689220297,-2.5328647304779683,0.8241791015050666,18,0
641,641,641,47,938476,25,0,366.8687278033975,840.8026548229661,-9.833082873719887,-21.43404664759361,20,0
642,642,642,47,937800,31,0,0.0,409.0030675230065,0.0,-5.000037500281168,31,0
643,643,643,47,939016,8,7,146.859730280827,1187.202759998777,-3.553469674049154,-20.392461325775002,17,0
644,644,644,47,938759,11,10,1247.2352230655436,999.9379578961496,-20.7256256279436,46.570231030428886,11,0
645,645,645,47,938340,29,0,1918.1800919878158,740.6961922681047,1.049064433837657,6.221496426548812,29,0
646,646,646,47,938945,22,20,690.8932836794156,1132.1766255468342,-9.951713614777304,-67.54703873113431,26,0
647,647,647,47,939070,27,0,302.2580471960166,1225.2619037434715,2.4902805417141853,-1.5244148206397767,23,0
648,648,648,47,939454,17,16,1237.3312348640748,1464.5701049177012,-38.330421472091984,-14.193432646635985,24,0
649,649,649,47,939903,12,10,1127.3019040467689,1744.3333074114655,2.1293999502404404,-3.0028800818126915,12,0
650,650,650,47,937946,4,0,183.65249363363318,508.0343028137135,-9.270519742370539,-11.94762393975401,4,0
651,651,651,47,938361,2,1,1746.043474157222,748.4524229829643,11.631475004305685,8.26880751887677,15,0
652,652,652,47,937974,13,0,271.9256654083713,516.4831644780713,-3.690191986005289,-0.2203376546916616,3,0
653,653,653,47,938038,14,0,266.6547179349194,574.7999281001113,-5.0265626354455994,-5.365016022499162,7,0
654,654,654,47,937937,26,0,1630.5872131194712,497.68987042629476,10.961260040310206,-10.117752958059214,22,0
655,655,655,48,962159,8,7,143.30626060677784,1166.810298673002,0.0,0.0,17,0
656,656,656,48,961068,26,0,1641.5484731597812,487.5721174682356,0.0,0.0,22,0
657,657,657,48,961672,25,0,357.03564492967763,819.3686081753725,0.0,0.0,20,0
658,658,658,48,963107,12,10,1129.4313039970095,1741.330427329653,0.0,0.0,12,0
659,659,659,48,962240,27,0,304.74832773773085,1223.737488922832,0.0,0.0,23,0
660,660,660,48,962622,17,16,1199.0008133919828,1450.376672271065,0.0,0.0,24,0
661,661,661,48,960956,31,0,0.0,404.0030300227253,0.0,0.0,31,0
662,662,662,48,961562,29,0,1919.2291564216528,746.9176886946535,0.0,0.0,29,0
663,663,663,48,961083,4,0,174.38197389126262,496.0866788739595,0.0,0.0,4,0
664,664,664,48,961211,14,0,261.6281552994738,569.4349120776119,0.0,0.0,7,0
665,665,665,48,960374,3,1,659.3850523105036,26.74308599370804,0.0,0.0,18,0
666,666,666,48,962007,11,10,1226.5095974376,1046.5081889265784,0.0,0.0,11,0
667,667,667,48,962039,22,20,680.9415700646382,1064.6295868157001,0.0,0.0,26,0
668,668,668,48,961587,2,1,1757.6749491615274,756.7212305018413,0.0,0.0,15,0
669,669,669,48,961136,13,0,268.2354734223661,516.2628268233797,0.0,0.0,3,0
