FRAME,ID,pos_x,pos_y,track_id_unique,track_id_parent,track_id_unique_pred,track_id_parent_pred,dt4_n0_dx,dt4_n0_dy
0,10176,1653.5151201944034,1978.4890897566129,17,0,1046,0,-2.252089293262088,16.007802027647585
0,7168,537.7486695441662,245.21678937841182,20,0,1049,0,137.95047279707626,31.36697236574716
0,8450,1752.3231521136508,949.596557465258,3,0,1027,0,80.51290596028866,112.38115782945955
0,10082,997.2195488458392,1906.9905815223096,2,0,1002,0,-144.06510429910895,32.016985417784326
0,8947,562.8415544030297,1266.459291885804,11,0,1010,0,-46.444655885338754,-11.709301896333725
0,8213,1614.5050037164933,818.7948301178404,14,0,1051,0,-27.700944985904925,53.40060205036707
0,10150,1875.9238675695187,1950.8322514721438,19,0,1022,0,0.0,0.0
0,9880,2039.0152926146948,1775.0133125998443,9,0,1035,0,-38.773200281471645,43.27394294093165
0,7500,455.0417915273681,439.3596061159093,18,0,1004,0,-21.106172915604304,-76.0112242501587
0,7853,386.58768326348803,629.326742751082,1,0,1032,0,-16.40290928869632,-16.26572906456318
0,9598,438.9095684126569,1593.6649520428234,6,0,1057,0,-12.983311103638355,25.583093807381374
0,8158,995.9757482648724,788.0312750422353,10,0,1042,0,21.17668457629645,39.704201632483546
1,12450,516.3968985176909,1254.7499899894701,11,0,1010,0,-30.59102498411784,8.67066733585284
1,11794,1586.8040587305884,872.1954321682075,14,0,1051,0,44.827896443592174,51.74789416404587
1,12116,1832.8360580739395,1061.9777152947177,3,0,1027,0,-11.691323197270096,219.9239188828135
1,10679,675.6991423412426,276.583761744159,20,0,1049,0,61.53069892344365,36.833945386930225
1,13431,2000.2420923332238,1818.287255540776,9,0,1035,0,-117.40818406492872,25.658486259200345
1,13608,853.1544445467302,1939.0075669400946,2,0,1002,0,9.852028001813778,100.00772567460058
1,11256,370.1847739747917,613.0610136865188,1,0,1032,0,-9.3251843009686,5.031152408035382
1,13132,425.92625730901847,1619.248045850205,6,0,1057,0,39.249174984086096,78.20378097202367
1,11708,1017.1524328411688,827.7354766747188,10,0,1042,0,25.20759004264812,50.15469913166396
1,10829,433.93561861176386,363.3483818657506,18,0,1004,0,-42.239232654494685,99.05938358497832
1,13661,1651.2630309011413,1994.496891784261,17,0,1046,0,0.0,0.0
2,40048,1821.1447348766694,1281.9016341775314,3,0,1027,0,-113.13870287822284,-60.39938419024702
2,39441,1042.3600228838168,877.8901758063828,10,0,1042,0,12.389620023413501,-89.83650758792713
2,40017,485.80587353357316,1263.420657325323,11,0,1010,0,-17.139559352910112,49.679412285656326
2,38610,391.6963859572691,462.4077654507289,18,0,1004,0,172.8792513562141,-4.216611423909967
2,38919,360.8595896738231,618.0921660945542,1,0,1032,0,0.9573798221234712,-3.9856661552158816
2,41160,863.0064725485437,2039.0152926146948,2,0,1002,0,0.0,0.0
2,38362,737.2298412646861,313.41770713108923,20,0,1049,0,46.56596936454832,4.429311037550974
2,39516,1631.6319551741806,923.9433263322534,14,0,1051,0,144.44133790969386,-14.398295758196582
2,40749,465.1754322931046,1697.4518268222287,6,0,1057,0,47.72664895814415,60.566820050295526
2,40975,1882.8339082682944,1843.9457417999765,9,0,1035,0,-241.71054225284342,122.23644347350272
3,51169,512.9020812512488,1758.0186468725242,6,0,1057,0,-12.59104115502248,21.340298225444254
3,50386,468.666314180663,1313.1000696109793,11,0,1010,0,-3.3521416577380023,22.831637742831163
3,48914,564.5756373134833,458.191154026819,18,0,1004,0,30.52822169618264,35.1329620420413
3,49187,361.81696949594664,614.1064999393383,1,0,1032,0,8.310841751991633,-4.949478081306097
3,48645,783.7958106292343,317.84701816864015,20,0,1049,0,72.67072336930983,7.6946348379872225
3,51479,1641.123366015451,1966.1821852734802,9,0,1035,0,-83.09843348170784,-110.93403976731544
3,51531,447.00335252514395,2039.0152926146948,21,0,1028,0,-39.73845661698846,-102.20027645820505
3,49694,1776.0732930838744,909.5450305740567,14,0,1027,0,-118.69755399059409,-133.96374709976592
3,49503,1054.7496429072303,788.0536682184555,10,0,1042,0,-28.67929136758789,62.28852927582716
3,50207,1708.0060319984464,1221.502249987284,3,0,1051,0,-61.90717005136844,99.8420961691868
4,61488,1908.0676570173794,1994.936642829117,22,0,1033,0,93.74503117361404,-109.1632547370773
4,59585,1657.3757390932806,775.5812834742909,14,0,1027,0,81.34211117483187,-49.69830980654739
4,59249,370.12781124793815,609.1570218580322,1,0,1032,0,-0.5298203872588374,20.106497593528506
4,60547,465.31417252292505,1335.9317073538105,11,0,1010,0,-3.4121514743847565,40.72812165725395
4,60517,1646.098861947078,1321.344346156471,3,0,1051,0,-161.52139257259458,-3.500072284449516
4,58759,856.4665339985443,325.54165300662737,20,0,1049,0,47.20037685849411,-45.992311468398896
4,61431,407.2648959081556,1936.8150161564893,21,0,1028,0,-18.308295976149168,-0.5471829869211433
4,61243,500.31104009622635,1779.3589450979684,6,0,1057,0,22.640466202803964,28.27605080839612
4,61326,1558.0249325337436,1855.2481455061638,9,0,1035,0,149.22846685231983,-4.772393455021302
4,59710,1026.0703515396424,850.3421974942827,10,0,1042,0,2.5221467710371144,-87.83523816317756
4,59055,595.1038590096657,493.3241160688604,18,0,1004,0,23.851495637558173,-73.44920601444687
5,79105,618.955354647224,419.87491005441336,18,0,1004,0,-182.4728928502261,-16.524693226502222
5,81473,1707.253399386063,1850.4757520511425,9,0,1035,0,26.418333806382638,64.83952334413038
5,81506,2001.8126881909934,1885.77338809204,22,0,1033,0,37.20260442370136,-26.75944548747043
5,80580,1484.5774693744836,1317.8442738720214,3,0,1051,0,-155.6331573266443,-3.564421555883428
5,958187,369.5979908606794,629.2635194515608,1,0,1032,0,-18.511903738398644,13.360679985708204
5,78858,903.6669108570384,279.54934153822853,20,0,1049,0,8.643903121324342,-48.720765372040994
5,81390,522.9515062990303,1807.6349959063648,6,0,1057,0,22.755624571160183,24.2930702396136
5,81558,388.9565999320064,1936.2678331695688,21,0,1028,0,8.896516596814651,-29.830635360246106
5,80667,461.9020210485402,1376.6598290110644,11,0,1010,0,-8.239128616576691,105.8984232944656
5,79610,1028.5924983106797,762.5069593311052,10,0,64,0,59.96906791277593,220.567489973832
5,79550,1738.7178502681122,725.8829736677435,14,0,1042,0,41.92217892639405,-72.09309877626356
6,86688,1088.5615662234554,983.0744493049373,10,0,1051,0,45.99161274979997,73.35771336956941
6,87200,1328.9443120478393,1314.279852316138,3,0,1036,1035,-49.44126391294572,192.0657567687706
6,85380,912.3108139783627,230.8285761661876,20,0,1049,0,8.45805792251997,-53.718799536975816
6,88073,2039.0152926146948,1859.0139426045694,22,0,1033,0,0.0,0.0
6,86129,1780.6400291945065,653.7898748914797,14,0,1042,0,-31.47299509001436,-53.233361554093456
6,88112,397.853116528821,1906.4371978093225,21,0,1028,0,28.828091918116797,-50.4389974186181
6,88051,545.7071308701903,1831.9280661459784,6,0,1057,0,13.315394987519767,17.102740455481804
6,87477,453.6628924319635,1482.55825230553,11,0,1010,0,0.0,0.0
6,85718,436.4824617969979,403.3502168279112,18,0,1004,0,0.5296853825553853,70.53507696708817
6,88118,1733.6717331924453,1915.3152753952731,9,0,1037,1035,0.0,0.0
6,86105,351.08608712228073,642.6241994372689,1,0,1032,0,-33.52694256816585,5.149106773542826
7,107457,1279.5030481348936,1506.3456090849083,3,0,1036,1035,-176.26104293606522,66.47400616695973
7,105952,1749.167034104492,600.5565133373865,14,0,1042,0,28.43639090802958,-22.41958171354407
7,105762,437.0121471795533,473.88529379499937,18,0,1004,0,32.11581030296787,-31.43658799808486
7,107948,559.0225258577102,1849.0308066014602,6,0,1057,0,41.35272382333869,31.094623010074887
7,108140,1564.860624239098,1997.901507997513,24,0,1039,0,-56.31094936012687,-69.84066386422319
7,105164,920.7688719008827,177.10977662921172,20,0,1049,0,6.765464428674591,-39.55235407375449
7,108145,756.8182362408684,2005.7202177823533,23,0,1019,0,2.688364066732788,-65.26281023906358
7,107443,460.9549063212808,1492.1316177707654,12,11,1011,1010,-20.132089228656522,52.61873536543453
7,106041,317.5591445541149,647.7733062108117,1,0,1032,0,-45.881704035024995,48.2552411210221
7,107323,474.83775696870345,1407.9540446372105,13,11,1014,1010,19.823224377693464,-0.2426305117310221
7,106746,1134.5531789732554,1056.4321626745066,10,0,1051,0,7.514707609910829,-11.878628124350145
7,107962,426.6812084469377,1855.9982003907046,21,0,1028,0,20.418145082245644,-67.8152367264911
8,112291,1777.6034250125213,578.1369316238424,14,0,1042,0,5.769383628672812,-25.18817629722071
8,114439,600.3752496810489,1880.1254296115344,6,0,1057,0,22.810823205329257,5.6170385021519005
8,114504,759.5066003076013,1940.4574075432893,23,0,1036,1035,-0.5395519017322385,-34.213931548178614
8,113994,1103.2420051988283,1572.8196152518685,3,0,1019,0,-37.161048293949314,187.90576181705453
8,113071,1142.0678865831662,1044.5535345501564,10,0,1051,0,1.5165258632798668,-19.272376617348755
8,112494,271.6774405190899,696.0285473318338,1,0,1032,0,-32.45632640074814,19.522427052535928
8,111541,927.5343363295572,137.55742255545724,20,0,1049,0,-44.62640470261488,-18.13796756285333
8,114325,447.0993535291835,1788.1829636642133,21,0,1028,0,33.966856327357114,-34.89557619615175
8,113942,440.8228170926243,1544.7503531361997,12,11,1011,1010,-38.12745776376653,-0.5632512980550928
8,114493,1508.5496748789712,1928.0608441332904,24,0,1039,0,14.928692369869626,-42.412789966711436
8,112063,469.1279574825212,442.4487057969145,18,0,1004,0,-26.858722279115447,2.8136858999725405
8,113727,494.66098134639685,1407.7114141254792,13,11,1014,1010,18.457451853164514,-67.2236099391489
9,134403,1066.080956904879,1760.7253770689224,3,0,1019,0,-52.87443337757554,209.50882917456647
9,131462,882.9079316269424,119.41945499260392,20,0,1049,0,-99.48317640744438,-41.207527774652796
9,132522,239.2211141183417,715.5509743843699,1,0,1032,0,-18.454414137346816,16.25485078586098
9,134539,1523.4783672488406,1885.6480541665792,24,0,1039,0,90.92229683518052,-33.96083559566386
9,134024,402.69535932885765,1544.1871018381446,12,11,1011,1010,-32.27892099843024,52.784511348444994
9,134537,623.1860728863783,1885.7424681136868,6,0,1057,0,12.222589766351346,3.5602416236986296
9,132047,442.26923520340574,445.2623916968871,18,0,1004,0,84.93963635386956,24.772449997216317
9,959550,11.50008998820416,41.500324740041094,27,0,1024,0,9.000070425551076,24.00018780146955
9,133043,1143.584412446446,1025.2811579328077,10,0,1051,0,-0.3053325036821661,-0.09895260418602447
9,133681,513.1184331995614,1340.4878041863305,13,11,1014,1010,-6.309354602290852,2.904406857442837
9,134391,481.0662098565406,1753.2873874680615,21,0,1028,0,-1.1869753758320485,-1.0959611892130852
9,134551,758.9670484058687,1906.243475995111,23,0,1036,1035,26.29245669607781,8.995512961495251
9,132190,1783.3728086411945,552.9487553266217,14,0,1042,0,1.3048766758090549,-3.196970852334516
10,138818,1784.6776853170036,549.7517844742872,14,0,1042,0,-21.883149520086818,17.041121135032427
10,138691,527.2088715572753,470.0348416941034,18,0,1049,0,-12.729540717934015,-13.5111612184578
10,141031,1614.4006640840216,1851.6872185709155,24,0,1019,0,116.26044848039032,-27.5260246129028
10,140676,370.41643833042747,1596.9716131865894,12,11,1011,1010,32.319455177830605,25.70291331492808
10,140234,506.80907859727057,1343.3922110437732,13,11,1014,1010,15.805044229001341,-70.77479368367428
10,139624,1143.279079942764,1025.1822053286216,10,0,1051,0,-11.766378239341293,24.041094131300497
10,141102,2007.9404025878048,1921.6313422840146,30,0,1048,0,31.07489002688953,-10.617009676520183
10,141134,1013.2065235273036,1970.2342062434893,3,0,1039,0,13.423894209631273,19.925106643205712
10,141069,635.4086626527295,1889.3027097373847,6,0,1057,0,6.2280383139401465,12.315121234658589
10,138002,783.424755219498,78.2119272179511,20,0,1024,0,-88.28409455689994,8.590827778649086
10,139162,220.7666999809949,731.8058251702307,1,0,1032,0,-0.936877442672028,-2.460877954762396
10,959574,20.50016041375524,65.50051254151064,27,0,1004,0,24.330540949490413,82.51208179864355
10,140927,479.8792344807085,1752.191426278849,21,0,1028,0,2.605008081158587,-1.7122968088804098
10,141087,785.2595051019467,1915.2389889566064,23,0,1036,1035,60.011254114718106,-12.696255766934884
11,158560,219.8298225383229,729.3449472154683,1,0,1032,0,-4.017847124781299,-3.1326730719440548
11,159072,1131.5127017034226,1049.223299459922,10,0,1051,0,31.738665767205703,-6.888790123528906
11,160353,1730.6611125644117,1824.1611939580123,24,0,1019,0,48.11243883589054,-24.606934725933343
11,160548,1026.6304177369348,1990.159312886695,3,0,1039,0,106.05346695054777,-6.3623656722641035
11,157445,44.83070136324565,148.01259434015418,27,0,1004,0,7.843616062495037,56.41301950639814
11,160265,482.4842425618671,1750.479129469968,21,0,1028,0,-2.618968564860438,-5.40669466021609
11,159407,522.6141228262719,1272.6174173600991,13,11,1014,1010,66.25617677573393,-104.35507812119499
11,160463,641.6367009666698,1901.617830972044,6,0,1057,0,6.842353785462706,-9.121049546649829
11,158099,514.4793308393413,456.5236804756456,18,0,1049,0,-40.49682875838414,-13.576887242328494
11,160465,845.2707592166647,1902.542733189672,23,0,1036,1035,31.08907156033081,-57.63199090047806
11,158292,1762.7945357969165,566.7929056093196,14,0,1042,0,-10.494076293772878,14.88999004984396
11,160052,402.7358935082581,1622.6745265015177,12,11,1011,1010,-40.05963849565336,40.824925324127435
11,160472,2039.0152926146948,1911.0143326074945,30,0,1048,0,0.0,0.0
11,157340,695.1406606625981,86.80275499660019,20,0,1024,0,-72.13598812755401,-86.80275499660019
12,164327,52.67431742574069,204.42561384655232,27,0,1004,0,-2.257772382214924,18.327824133879147
12,165895,588.8702996020057,1168.262339238904,13,11,1014,1010,60.909901759187505,-71.9264247789538
12,167083,648.4790547521324,1892.496781425394,6,0,1057,0,2.767827551918117,0.982747543608184
12,167211,1132.6838846874825,1983.7969472144312,3,0,1039,0,-68.13283961889283,3.5595148118727598
12,164936,1752.3004595031437,581.6828956591636,14,0,1042,0,47.702695929266156,-54.24617537514348
12,164750,473.9825020809572,442.946793233317,18,0,1049,0,-29.969071898951146,5.700801241569081
12,166959,1778.7735514003025,1799.5542592320792,24,0,1019,0,34.26106360700169,-25.6864096927261
12,164016,623.004672535044,0.0,20,0,1024,0,0.0,0.0
12,165173,215.8119754135416,726.2122741435243,1,0,1032,0,-10.310367363458596,-10.706675312213294
12,166746,362.6762550126048,1663.499451825645,12,11,1011,1010,-8.900430355912476,3.6217352269911767
12,166874,479.8652739970067,1745.072434809752,21,0,1028,0,-10.401460457009476,31.662521020611397
12,165688,1163.2513674706286,1042.3345093363932,10,0,1051,0,-102.0226564149393,111.41408485104851
12,167032,876.3598307769958,1844.9107422891927,23,0,1036,1035,-26.600438579546452,-4.203312532335531
13,185569,1800.0031554324094,527.4367202840201,14,0,1042,0,-38.19859411156517,30.482911558540536
13,189483,469.4638135399972,1776.7349558303629,21,0,1028,0,-16.762315683786255,28.104997174087888
13,187947,34.325579287596284,1252.0599745279767,31,0,1062,0,-22.240139963143815,-89.46393749688377
13,189480,1813.0346150073042,1773.867849539353,24,0,1051,0,13.153922735147491,-19.412905513024725
13,189769,1667.0125025937698,2039.0152926146948,32,0,1017,0,-2.8843694471279377,-64.56614061391565
13,189747,1064.5510450685897,1987.356462026304,3,0,1039,0,-20.382004672411995,5.211367758303594
13,187571,649.7802013611932,1096.33591445995,13,11,161,0,57.17767155452236,-84.92398831189495
13,189558,849.7593921974492,1840.707429756858,23,0,1036,1035,100.6781417874563,70.31133886730026
13,189333,353.7758246566923,1667.1211870526365,12,11,1011,1010,18.224642203531914,-11.145432209080127
13,184629,50.41654504352577,222.75343798043147,27,0,1004,0,1.787322794947961,16.988136750973293
13,185365,444.013430182006,448.64759447488615,18,0,1049,0,7.787340416798202,-13.039219942053306
13,187706,1061.228711055689,1153.7485941874418,10,0,1014,1010,-51.44590946240418,63.144893606124704
13,956215,205.501608050083,715.5055988313112,1,0,1032,0,0.0,0.0
13,189631,651.2468823040505,1893.4795289690023,6,0,1057,0,11.05031292325532,-20.536191664573835
14,956239,205.501608050083,715.5055988313112,1,0,1032,0,0.0,0.0
14,191456,706.9578729157158,1011.4119261480553,13,11,1028,0,0.8102556560266976,-19.75819637867039
14,192842,950.4375339849057,1911.0187686241586,23,0,171,0,69.74380602612689,-91.70255664457977
14,190477,451.80077059880415,435.6083745328328,18,0,1049,0,19.1284943679438,5.767819252971434
14,190701,1761.8045613208444,557.9196318425606,14,0,1042,0,-3.920834557500484,10.217248183888957
14,192819,662.2971952273058,1872.9433373044285,6,0,1057,0,9.384097906172316,-34.048090860684624
14,192529,372.00046686022415,1655.9757548435562,12,11,1011,1010,76.06803220587199,3.1722229542042433
14,192689,1826.1885377424514,1754.4549440263283,24,0,1051,0,-3.5260364520538587,2.2260414935872177
14,192919,1664.128133146642,1974.4491520007791,32,0,1017,0,-100.70352055025774,14.72415408657048
14,192951,1044.1690403961777,1992.5678297846075,3,0,1039,0,134.6120937121668,8.650897649858052
14,191700,12.085439324452468,1162.596037031093,31,0,1062,0,-12.085439324452468,-48.587681968429926
14,190143,52.20386783847373,239.7415747314048,27,0,1004,0,-4.177121533134553,5.536160259828705
14,191772,1009.7828015932847,1216.8934877935665,10,0,1014,1010,0.3690599593187471,-1.7625172447937985
14,192733,452.70149785621095,1804.8399530044512,21,0,1036,1035,-7.542513992355566,42.44812060200343
15,202886,48.026746305339174,245.27773499123347,27,0,1004,0,-1.515175903123989,39.258721126988775
15,205834,671.6812931334781,1838.8952464437439,6,0,1057,0,9.690615292944813,-2.414270293102163
15,956263,205.501608050083,715.5055988313112,1,0,1032,0,-10.000078250612347,4.0000313002447
15,204873,1010.1518615526036,1215.1309705487727,10,0,1014,1010,76.45688058621819,-83.83000841011291
15,206025,1563.424612596384,1989.1733060873496,32,0,1031,0,45.94492841708393,-192.5548327049624
15,205582,448.0684990660962,1659.1479777977606,12,11,1011,1010,46.218881486907826,7.942852383833723
15,205742,1822.6625012903976,1756.6809855199156,24,0,1051,0,-1.2439119697030492,-7.44412105127094
15,205838,445.1589838638554,1847.2880736064544,21,0,1036,1035,2.3870587227975197,9.612588302941276
15,205804,1020.1813400110324,1819.3162119795786,23,0,1017,0,17.323402859551265,-94.49299337297316
15,204723,0.0,1114.008355062663,31,0,1062,0,0.0,0.0
15,203830,1757.8837267633442,568.1368800264497,14,0,1042,0,10.658805249113584,-19.59297310748832
15,204533,707.7681285717424,991.6537297693848,13,11,1028,0,5.303580588495038,-31.755570717316004
15,206036,1178.7811341083445,2001.2187274344653,3,0,1039,0,101.00138942670289,-30.35665701308312
15,203647,470.92926496674795,441.3761937858043,18,0,1049,0,-20.64395799962898,-0.19285715385666435
16,959119,806.5063109118829,23.500183888938928,34,0,1056,0,12.000093900734782,0.0
16,215914,465.0376476160536,30.529021586410998,33,0,1003,0,-105.71680473921242,88.53564590005314
16,956291,195.50152979947063,719.5056301315558,1,0,1032,0,-2.0000156501224358,-8.000062600489741
16,218829,1609.369541013468,1796.6184733823875,32,0,1031,0,8.1276424690559,-218.9904101106979
16,217548,713.0717091602374,959.8981590520688,13,11,1028,0,-8.778335133998441,-15.03137309604665
16,216370,46.511570402215185,284.53645611822225,27,0,1004,0,-2.0651498660171725,8.148767679107664
16,216880,1768.5425320124575,548.5439069189613,14,0,1042,0,31.853384297339968,-33.32344610294297
16,218672,494.28738055300397,1667.090830181594,12,11,1011,1010,-2.8612154678514234,33.95032628761487
16,218736,1037.5047428705836,1724.8232186066052,23,0,1017,0,-156.9297555041297,104.791123975672
16,218896,447.5460425866529,1856.9006619093961,21,0,1036,1035,6.312565323276602,-14.093890496535325
16,219028,1279.7825235350474,1970.8620704213824,3,0,1039,0,169.1326274445439,-106.51617259868543
16,218777,1821.4185893206945,1749.2368644686444,24,0,1051,0,26.122062148362602,-23.203098600988604
16,218873,681.3719084264229,1836.4809761506413,6,0,1057,0,17.776727082569092,1.3632431046780766
16,217784,1086.6087421388218,1131.3009621386598,10,0,1014,1010,10.250009773992588,-15.71824110668945
16,216702,450.2853069671189,441.1833366319476,18,0,1049,0,9.732601078110008,-0.8333547421887602
17,228418,1448.9151509795913,1864.3458978226968,3,0,1039,0,155.08333899591253,-46.49144551674385
17,228390,880.5749873664539,1829.6143425822765,23,0,1031,0,2.073342350372627,79.6501151000441
17,228266,1847.5406514690567,1726.033765867656,24,0,1051,0,42.754381810996854,-30.042291142498016
17,228399,699.148635508992,1837.8442192553202,6,0,1057,0,-6.991333604029478,23.584950883110427
17,226124,460.017908045229,440.3499818897589,18,0,1049,0,2.9801058127912365,-0.23524857186845335
17,228401,453.8586079099295,1842.8067714128608,21,0,1036,1035,0.7096634179279704,-14.00571238398311
17,225559,359.3208428768412,119.06466748646416,33,0,1003,0,-43.45812805878455,52.59015228039439
17,228022,1617.4971834825242,1577.6280632716894,32,0,1017,0,37.44627264760834,-56.031808399901145
17,956315,193.50151414934825,711.5055675310657,1,0,1032,0,-20.00015650122464,-4.000031300244928
17,228218,491.4261650851526,1701.041156469209,12,11,1011,1010,3.1640769270058517,10.480661613918755
17,959095,818.5064048126178,23.500183888938928,34,0,1056,0,0.0,6.000046950367388
17,226232,1800.3959163097973,515.2204608160183,14,0,1042,0,51.23946271188629,-66.03576242419126
17,227000,704.293374026239,944.866785956022,13,11,1028,0,3.069571669539528,-13.905856701057928
17,227229,1096.8587519128143,1115.5827210319703,10,0,1014,1010,-67.37773018758003,70.05214485581314
17,225852,44.446420536198005,292.68522379732985,27,0,1004,0,-2.9132285149643025,6.648431700850438
18,241952,41.53319202123371,299.3336554981804,27,0,1004,0,-9.032937706743688,-11.831405793076383
18,243973,1654.9434561301325,1521.5962548717882,32,0,1017,0,101.82551632913851,-21.30756925463743
18,244517,692.1573019049623,1861.4291701384304,6,0,1057,0,20.503989891837364,-20.08561528622704
18,244456,1603.9984899755038,1817.8544523059527,3,0,1039,0,55.51449571360922,-40.34054325961461
18,244302,494.5902420121585,1711.5218180831278,12,11,1011,1010,0.4502807220384853,19.417834127636524
18,959071,818.5064048126178,29.500230839306315,34,0,1056,0,15.00011737591842,9.000070425551081
18,241713,315.86271481805665,171.65481976685854,33,0,1003,0,-27.25653624795069,74.45443362586244
18,244465,454.56827132785753,1828.8010590288773,21,0,1036,1035,-2.694984864362709,2.142403984940984
18,242197,1851.635379021684,449.1846983918271,14,0,1042,0,24.363023335709386,-37.866032908695324
18,244276,1890.295033280054,1695.991474725158,24,0,1051,0,47.76917783897761,-48.87120283805871
18,244564,882.6483297168263,1909.2644576823209,23,0,1031,0,17.818645132519354,56.05471561252057
18,242010,2039.0152926146948,337.00252751895636,35,0,1055,0,0.0,0.0
18,242175,462.99801385802033,440.1147333178904,18,0,1049,0,-26.90297671434695,-4.3885015368984455
18,243390,1029.4810217252343,1185.6348658877835,10,0,1014,1010,-2.510510362428249,4.079322429594413
18,956339,173.5013576481236,707.5055362308211,1,0,1032,0,-10.00007825061232,2.00001565012235
18,243004,707.3629456957785,930.9609292549644,13,11,1028,0,-0.17266292062208774,-10.660293125847259
19,956367,163.50127939751127,709.5055518809435,1,0,1032,0,-36.000281702204255,-24.000187801469334
19,254144,451.8732864634948,1830.9434630138185,21,0,1036,1035,4.279880594144913,42.92379692506938
19,254341,900.4669748493459,1965.319173294842,23,0,1031,0,1.539790201391952,73.69611931985288
19,251845,436.0950371436733,435.72623178099195,18,0,1049,0,-2.160171614347064,-2.7963301588324607
19,251812,1875.998402357393,411.3186654831317,14,0,1042,0,18.718802902951442,-15.98042701978585
19,253674,1756.7689724592706,1500.2886856171508,32,0,1017,0,142.59925921259287,-95.07978859272612
19,959047,833.5065221885361,38.5003012648574,34,0,1056,0,3.1909540109126056,-15.123015192019624
19,251567,288.60617857010584,246.10925339272097,33,0,1003,0,-15.830401561289134,59.374988617708986
19,253134,1026.9705113628058,1189.7141883173779,10,0,1014,1010,7.733783627441425,-2.3197224072487193
19,252691,707.1902827751564,920.3006361291168,13,11,1028,0,1.8275366749173827,-33.91529061220717
19,254002,495.04052273419694,1730.9396522107645,12,11,1011,1010,33.33790920847542,14.369389124489091
19,959674,32.500254314490014,287.50224970510396,27,0,1004,0,4.850925053282488,31.232389655305838
19,253877,1938.064211119032,1647.1202718870993,24,0,1051,0,10.262931332548535,-34.130079306019525
19,955957,1659.5129856891128,1777.5139090463385,3,0,1039,0,18.00014085110229,-28.00021910171472
19,254172,712.6612917967999,1841.3435548522034,6,0,1057,0,0.0,0.0
20,270471,902.0067650507376,2039.0152926146948,23,0,1031,0,0.0,0.0
20,267905,1894.7172052603448,395.3382384633459,14,0,1042,0,-51.860777189248886,39.695377994779456
20,270111,528.3784319426724,1745.3090413352536,12,11,1011,1010,34.50641267840353,17.644704840203303
20,958229,456.1531670576397,1873.8672599388879,21,0,1036,1035,4.47699187225669,-11.938644992683976
20,270298,723.6034199524682,1904.1760813523829,7,6,1058,1057,-23.339230159404,9.545774852259227
20,269211,1034.7042949902477,1187.3944659101292,10,0,1014,1010,11.39653223025698,-32.47598990717006
20,269600,1899.3682316718641,1405.2088970244247,32,0,1017,0,56.393079792818526,-6.123510887382963
20,269933,1948.32714245158,1612.9901925810798,24,0,1051,0,7.699149810458039,-41.847103809165894
20,956391,127.500997695307,685.505364079474,1,0,1032,0,0.0,0.0
20,267951,433.9348655293263,432.9299016221595,18,0,1049,0,-3.926594257739509,-2.0841694201227483
20,267753,272.7757770088168,305.48424201042997,33,0,1003,0,-10.569419119326255,109.43180376589731
20,270133,706.9299966652866,1764.8083303386027,8,6,1061,1057,-12.221244203930835,-30.28348573243625
20,955967,1677.5131265402154,1749.5136899446234,3,0,1039,0,24.115067637928178,-62.51842370113378
20,268727,709.0178194500737,886.3853455169098,13,11,1028,0,-1.702095779048932,-15.468275871207194
20,267773,37.35117936777251,318.7346393604098,27,0,1004,0,23.01384775849469,10.169861534279221
20,957364,836.6974761994487,23.377286072837766,34,0,1056,0,1.4923306240854115,5.969322496342095
21,279590,1701.6281941781435,1686.9952662434894,3,0,1061,1057,10.045819757231813,-87.63790842087042
21,279654,694.7087524613556,1734.5248446061664,8,6,1039,0,-37.23797203466097,-32.31150871349496
21,277442,262.2063578894905,414.9160457763273,33,0,1003,0,4.487358456395441,40.425085332404144
21,279693,562.8848446210759,1762.953746175457,12,11,1011,1010,-3.9211006550040115,8.433993173011231
21,277485,1842.856428071096,435.0336164581253,14,0,1042,0,0.0,0.0
21,957376,838.1898068235341,29.346608569179875,34,0,1056,0,10.446314368598564,-2.9846612481710477
21,277483,430.00827127158686,430.8457322020368,18,0,1049,0,21.383051762892023,11.685730257348835
21,958241,460.63015892989637,1861.9286149462039,21,0,1036,1035,14.923306240855368,-8.953983744513152
21,956415,127.500997695307,685.505364079474,1,0,1032,0,0.0,0.0
21,278679,1046.1008272205042,1154.918476002959,10,0,1014,1010,14.21624625597974,-4.603100894116551
21,278192,707.3157236710249,870.9170696457028,13,11,1028,0,22.084162768314854,-33.286143484570175
21,277329,60.36502712626722,328.90450089468897,27,0,1004,0,12.656852530255813,3.8043677661385686
21,279091,1955.7613114646826,1399.0853861370417,32,0,1017,0,28.447859798641506,-21.015850648805554
21,279422,1956.0262922620386,1571.143088771914,24,0,1051,0,24.02941313090196,-49.344123889394275
21,279865,700.2641897930642,1913.721856204642,7,6,1058,1057,-3.4277408814048167,21.615804744842077
22,295685,1711.6740139353753,1599.3573578226196,3,0,1061,1057,-5.706655322420829,-99.28485998390421
22,957391,848.6361211921327,26.36194732100882,34,0,1056,0,11.938644992684205,0.0
22,293798,1814.8761811411207,458.08500043826825,15,14,1044,1042,8.662057192085513,33.85914470739294
22,293792,266.69371634588595,455.34113110873136,33,0,1003,0,22.58775746174655,16.94254260624382
22,293740,1846.7824252350765,418.26464722796754,16,14,1043,1042,-0.4525372894968314,-8.928116004601518
22,958247,475.55346517075174,1852.9746312016907,21,0,1036,1035,-1.492330624085639,-8.953983744512927
22,295598,1980.0557053929401,1521.7989648825196,24,0,1051,0,25.05394335162282,-36.4213961252924
22,293775,451.39132303447883,442.5314624593856,18,0,1049,0,23.696483705271483,-3.84655279335459
22,295849,657.4707804266948,1702.2133358926712,8,6,1039,0,-34.273320600014586,-46.29274810765082
22,295381,1984.209171263324,1378.0695354882364,32,0,1017,0,54.806121351371075,-29.05941791235409
22,296177,696.8364489116594,1935.337660949484,7,6,1058,1057,-24.21829315704724,33.080002094213334
22,295954,558.9637439660719,1771.3877393484681,12,11,1011,1010,-2.3338000972189548,30.83228750186345
22,294450,729.3998864393398,837.6309261611324,13,11,1028,0,-11.18710466032212,0.9250859862581821
22,293587,73.02187965652301,332.70886866082765,27,0,1004,0,4.891458241078865,8.40075923988968
22,956439,127.500997695307,685.505364079474,1,0,1032,0,0.0,0.0
22,294969,1060.3170734764842,1150.3153751088425,10,0,1014,1010,28.305872761977525,-31.23116901832418
23,956463,127.500997695307,685.505364079474,1,0,1032,0,-10.00007825061232,10.000078250612091
23,315366,556.6299438688528,1802.2200268503314,12,11,1011,1010,19.631504477409067,24.86784160040247
23,312995,475.0878067397503,438.6849096660311,18,0,1049,0,6.4539840929192565,6.749721085739053
23,312815,77.91333789760188,341.1096279007172,27,0,1004,0,10.445170279255606,3.859678868371248
23,313071,1823.5382383332073,491.9441451456611,15,14,1017,0,-31.61563361454932,48.73638791425617
23,314600,2039.0152926146948,1349.0101175758818,32,0,1061,1057,0.0,1.0000075000561992
23,315112,623.1974598266802,1655.9205877850204,8,6,1039,0,-18.087193103208502,-29.599419895846037
23,313033,289.2814738076325,472.2836737149752,33,0,1003,0,-32.10042490905374,17.386392439555777
23,315563,672.6181557546123,1968.4176630436973,7,6,1060,1058,7.802765030523232,16.18142174614013
23,313717,718.2127817790176,838.5560121473906,13,11,1028,0,12.946441332897052,-10.45797888382981
23,314193,1088.6229462384615,1119.0842060905184,10,0,1059,1058,26.550598641728357,-27.11078113309054
23,957403,860.5747661848169,26.36194732100882,34,0,1056,0,-2.9846612481710513,1.4923306240855292
23,314898,1705.9673586129545,1500.0724978387152,3,0,1014,1010,-14.118498588837838,-49.86058686497426
23,314867,2005.109648744563,1485.3775687572272,24,0,1051,0,33.905643870131826,-26.36662617515799
23,958259,474.0611345466661,1844.020647457177,21,0,1036,1035,1.4425862699492882,-6.506268907165804
23,312922,1846.3298879455808,409.336531223366,16,14,1043,1042,16.422994010299362,-18.50078100102849
24,319556,257.18104889857875,489.670066154531,33,0,1003,0,-34.902838787696396,20.685870606706487
24,319299,88.35850817685748,344.9693067690885,27,0,1004,0,45.30187206538996,33.337015865185435
24,319500,481.5417908326695,445.4346307517701,18,0,1049,0,-0.8792112720802265,-14.412663445937595
24,321166,1691.8488600241171,1450.2119109737412,3,0,1014,1010,-3.834720316628136,-52.18447166245596
24,956485,117.50091944469469,695.5054423300861,1,0,1032,0,0.0,4.000031300245041
24,956063,475.5037208166154,1837.514378550012,21,0,1011,1010,1.0218353034179015,-2.9001211110978597
24,319643,1791.9226047186576,540.6805330599174,15,14,1017,0,-18.966296573271393,19.477959673754302
24,321179,2039.0152926146948,1459.0109425820694,24,0,1051,0,0.0,0.0
24,319396,1862.7528819558802,390.8357502223377,16,14,1043,1042,19.70819729394475,-35.71386723459824
24,321445,605.1102667234716,1626.3211678891746,8,6,1039,0,-3.9691757322948433,-4.331297462674229
24,320551,1115.1735448801899,1091.9734249574278,10,0,1059,1058,19.723591598565235,-22.665313205127177
24,957415,857.5901049366458,27.85427794509436,34,0,1056,0,13.430975616769727,19.40029811311182
24,321003,2039.0152926146948,1350.0101250759385,32,0,1061,1057,0.0,0.0
24,321771,576.261448346262,1827.0878684507336,12,11,1036,1035,35.24333667868086,22.426604000013185
24,321973,680.4209207851353,1984.5990847898377,7,6,1060,1058,20.50796794170435,19.445112752716568
24,320120,731.1592231119148,828.0980332635608,13,11,1028,0,2.2184827777173264,-20.002741475180873
25,956107,611.5047850249429,1849.514472450747,12,11,1036,1035,8.000062600489741,-12.000093900735008
25,329292,222.2782101108824,510.3559367612375,33,0,1003,0,-46.18298431389994,28.037747205640073
25,331791,700.9288887268398,2004.0441975425547,7,6,1060,1058,0.0,0.0
25,331209,601.1410909911767,1621.9898704265,8,6,1039,0,-6.9350231204937245,-7.983220218991847
25,956509,117.50091944469469,699.5054736303313,1,0,1032,0,-2.000015650122464,0.0
25,329104,133.66038024224744,378.306322634274,27,0,1004,0,0.0,0.0
25,331548,476.52555612003334,1834.614257438914,21,0,1011,1010,3.4229125886632232,0.28145670216486
25,329374,1772.9563081453864,560.1584927336718,15,14,1017,0,-1.2510671161271605,6.2541792437284585
25,330846,1688.0141397074883,1398.0274393112854,3,0,1014,1010,-2.938330607259786,-11.962009106648338
25,330220,1134.897136478755,1069.3081117523006,10,0,1059,1058,31.556303948647386,-41.27117141131247
25,329195,480.6625795605893,431.0219673058325,18,0,1049,0,-0.8483131986382091,7.362488888408335
25,329844,733.377705889632,808.0952917883798,13,11,1028,0,22.967498459346533,-71.89429846299721
25,329073,1882.4610792498252,355.12188298773935,16,14,1043,1042,8.438680879691901,-8.382339882210488
25,330877,2039.0152926146948,1407.0105525791446,25,24,1053,1051,0.0,0.0
25,330936,1992.3049176418167,1457.5131762961341,26,24,1052,1051,-40.06539226820064,28.278684287343594
25,957427,871.0210805534157,47.25457605820617,34,0,1056,0,8.953983744513152,10.446314368598657
26,345284,176.09522579698242,538.3936839668776,33,0,1003,0,-24.254326896728717,21.704279863330726
26,346050,1166.4534404274027,1028.0369403409884,10,0,1059,1058,18.88758475861323,-23.771701430872213
26,344973,1890.8997601295166,346.7395431055288,16,14,1043,1042,-4.95751203055579,-0.7208286489677107
26,346888,1952.239525373616,1485.7918605834775,26,24,1017,0,-26.30070075612525,31.651876451968516
26,347089,594.206067870683,1614.0066502075085,8,6,1039,0,-8.503555124137051,2.7477342477181996
26,345633,756.3452043489784,736.2009933253827,13,11,1028,0,-1.9498367397453649,-18.43519278549661
26,345315,1771.705241029259,566.4126719774001,15,14,1052,1051,3.3485665194398284,-10.97920305253342
26,344943,99.24540049230828,328.5733954658257,29,27,1005,1004,-44.78214928002783,12.816290814443562
26,345006,151.63663829626628,367.09430790658166,28,27,1006,1004,61.71562767829605,22.125748072100922
26,956131,619.5048476254327,1837.514378550012,12,11,1036,1035,-26.0002034515918,-10.000078250612887
26,345141,479.8142663619511,438.3844561942408,18,0,1049,0,15.517038363637196,2.157889153137205
26,957439,879.9750642979287,57.70089042680482,34,0,1056,0,8.953983744513152,8.953983744513144
26,347446,479.9484687086965,1834.895714141079,21,0,1011,1010,-10.491507242975617,2.2274301788372672
26,346686,1685.075809100229,1386.0654302046366,3,0,1014,1010,0.0,0.0
26,956533,115.50090379457222,699.5054736303313,1,0,1032,0,-8.000062600489857,-4.000031300245041
27,956559,107.50084119408235,695.5054423300861,1,0,1032,0,4.000031300244885,20.000156501224865
27,353921,1818.013635102263,0.0,36,0,1007,0,1.2793416633364814,42.21652072363808
27,957451,888.9290480424419,66.65487417131797,34,0,1005,1004,11.938644992684313,26.861951233539454
27,355010,754.3953676092333,717.7658005398863,13,11,1028,0,-14.868944395964265,33.20894088794182
27,355532,1185.341025186016,1004.265238910116,10,0,1059,1058,4.3335597529317065,-3.291353071755225
27,356428,1925.9388246174908,1517.4437370354462,26,24,1017,0,35.21943104613365,2.4166092073758136
27,356176,1677.5996250262515,1364.3455227114998,4,3,1016,1014,-15.630743645750728,95.53351912085371
27,354717,151.8408989002537,560.0979638302083,33,0,1056,0,-107.83282485492028,3.6674872899014868
27,354713,1775.0538075486988,555.4334689248667,15,14,1052,1051,1.3942193578452589,-20.546986678870326
27,356262,1693.0325672848776,1419.6099539166007,5,3,1015,1014,10.480762706929454,59.90162326149107
27,356579,585.7025127465461,1616.7543844552265,8,6,1039,0,-6.532903382804308,2.9851507145644973
27,354412,54.46325121228051,341.38968628026925,29,27,1003,0,-14.361390079216454,-5.37144484722421
27,354473,213.3522659745624,389.2200559786826,28,27,1006,1004,146.2481178469301,3.9342032338964263
27,354421,1885.9422480989608,346.0187144565611,16,14,1043,1042,-2.374168237731056,-3.762168446688975
27,956155,593.5046441738407,1827.514300299399,12,11,1036,1035,-6.000046950367391,-12.000093900733646
27,354558,495.33130472558815,440.542345347378,18,0,1049,0,13.135851974205195,11.886529782295725
27,356922,469.4569614657209,1837.1231443199165,21,0,1011,1010,3.7612759036798593,5.252379356729534
28,372560,1661.9688813805008,1459.8790418323536,4,3,1016,1014,24.18000856567892,38.57291313284009
28,957463,900.8676930351262,93.51682540485744,34,0,1005,1004,4.4769918722564634,20.892628737197327
28,372638,1961.158255663625,1519.860346242822,26,24,1017,0,24.466337757198065,48.761444813485696
28,956181,587.5045972234734,1815.5142063986648,12,11,1036,1035,-26.096610234615355,32.836578756435074
28,371673,1189.6745849389474,1000.9738858383607,10,0,1059,1058,11.219822057585587,-14.770843963963554
28,370712,359.60038382149247,393.1542592125791,28,27,1006,1004,42.54559716756472,-4.1668794553655735
28,373157,473.2182373694008,1842.3755236766456,21,0,1011,1010,6.5394891305478495,3.5137546399503212
28,370593,40.101861133064055,336.01824143304503,29,27,1003,0,-40.101861133064055,16.984406086811358
28,371299,739.5264232132689,750.9747414278279,13,11,1028,0,9.41400205698551,-47.256052925137176
28,370914,1776.4480269065439,534.8864822459964,15,14,1052,1051,-4.745718321426921,-1.7185992491881734
28,372782,579.1696093637416,1619.739535169791,8,6,1039,0,-9.039891598730833,36.87231609142737
28,956581,111.50087249432724,715.5055988313112,1,0,1032,0,10.000078250612304,-14.00010955085736
28,370152,1819.2929767655994,42.21652072363808,36,0,1007,0,38.73895398021955,97.90762896000416
28,370603,1883.5680798612304,342.2565460098721,16,14,1043,1042,-10.093905704869258,9.169286997820054
28,956031,1703.513329991807,1479.511577178091,5,3,1015,1014,34.993681504383176,36.9480999198845
28,370806,508.46715669979346,452.4288751296737,18,0,1049,0,14.189112643759813,12.38599314860312
28,370943,44.00807404533343,563.7654511201098,33,0,1056,0,-44.00807404533343,11.238861412234199
29,377125,1873.4741741563607,351.4258330076922,16,14,1043,1042,-23.701213793104216,36.86478496954413
29,379236,570.1297177650108,1656.6118512612186,8,6,1039,0,-10.296221189592869,44.55897272035872
29,379556,561.407986988858,1848.3507851551003,12,11,1036,1035,38.00891998099212,38.947450400557045
29,377126,0.0,353.00264751985634,29,27,1006,1004,0.0,0.0
29,377443,0.0,575.004312532344,33,0,1056,0,0.0,4.000030000224797
29,379554,479.75772649994866,1845.8892783165961,21,0,1011,1010,0.2727305430596516,-0.3763002353334741
29,377647,748.9404252702542,703.7186885026907,13,11,1028,0,-6.127202247494779,3.4842174410866846
29,379119,1985.6245934208225,1568.6217910563078,26,24,1016,1014,53.39069919387225,91.39065903706795
29,957475,905.3446849073828,114.40945414205477,34,0,1005,1004,11.938644992684205,-1.4923306240855254
29,377301,522.6562693435533,464.81486827827683,18,0,1003,0,-122.49377251999461,-24.140432773074394
29,378996,1686.1488899461795,1498.4519549651934,4,3,1015,1014,-13.456483753855991,-41.398831228499375
29,377399,1771.7023085851172,533.1678829968082,15,14,1052,1051,-10.921671289414917,3.7582584587717065
29,956605,121.50095074493956,701.5054892804536,1,0,1032,0,10.000078250612347,0.0
29,377170,402.14598098905714,388.9873797572135,28,27,1049,0,17.737459776228377,-0.09147677834334901
29,379026,1738.5070114961902,1516.4596770979758,5,3,1017,0,38.44420163681593,22.330753234815802
29,378105,1200.8944069965332,986.2030418743973,10,0,1059,1058,2.5927220162263893,3.1648454393598517
29,376795,1858.0319307458187,140.12414968364223,36,0,1007,0,51.842607818044364,92.27195524589949
30,396484,400.1624968235586,440.6744355052024,18,0,1003,0,20.014047927386123,18.472936880699194
30,958274,599.4169069698503,1887.2982355556574,12,11,1036,1035,1.4923306240855254,10.446314368598225
30,398280,1776.951213133006,1538.7904303327914,5,3,1017,0,28.607889001169948,16.223107066593908
30,397392,1203.4871290127596,989.367887313757,10,0,1059,1058,-2.7836710999440584,-3.0369297592121716
30,956629,131.5010289955519,701.5054892804536,1,0,1032,0,4.000031300244899,6.000046950367391
30,957487,917.2833299000666,112.91712351796923,34,0,1005,1004,5.9693224963421025,13.4309756167697
30,396389,419.8834407652856,388.8959029788701,28,27,1049,0,41.68304074294156,-4.553079669780915
30,396386,1849.7729603632565,388.2906179772363,16,14,1043,1042,0.8097320636411496,58.93431137188463
30,396705,0.0,579.0043425325688,33,0,1056,0,20.878993179095172,14.794471463594165
30,396648,1760.7806372957025,536.9261414555799,15,14,1052,1051,-0.3179240155161551,-1.2829102100919272
30,396918,742.8132230227595,707.2029059437773,13,11,1028,0,-8.282313930257033,14.585829273463332
30,958271,480.03045704300825,1845.5129780812624,21,0,1011,1010,20.89262873719736,22.384959361283112
30,398132,1672.6924061923237,1457.0531237366947,4,3,1015,1014,-0.923374312284068,5.056885363133233
30,398448,2039.0152926146948,1660.0124500933755,26,24,1016,1014,0.0,0.0
30,396093,1909.8745385638626,232.3961049295417,36,0,1007,0,1.1201096797822174,-9.666005460165678
30,398525,559.8334965754178,1701.170823981577,8,6,1039,0,12.536633960706013,27.74238955421856
31,402918,1850.5826924268977,447.22492934912094,16,14,1043,1042,2.2828410073886967,10.95473346822672
31,403044,1760.4627132801859,535.643231245488,15,14,1052,1051,6.989450979169077,-12.542384379068153
31,956653,135.5010602957968,707.5055362308211,1,0,1032,0,-4.000031300244899,12.000093900734667
31,404514,1671.7690318800394,1462.1100090998275,4,3,1015,1014,-35.196181880613494,9.160593211122203
31,402831,461.5664815082272,384.3428233090892,28,27,1049,0,24.384550624767606,-4.993417028944633
31,403304,734.5309090925026,721.7887352172407,13,11,1028,0,2.0297117293140445,-1.4940250502788786
31,402934,420.1765447509448,459.14737238590163,18,0,1003,0,0.0,0.0
31,957499,923.252652396409,126.34809913473892,34,0,1005,1004,0.0,5.96932249634213
31,403121,20.878993179095172,593.7988139961631,33,0,1056,0,-20.878993179095172,5.205678537531071
31,958295,500.9230857802056,1867.8979374425448,21,0,1011,1010,-10.446314368598737,0.0
31,404956,572.370130536124,1728.9132135357956,8,6,1039,0,70.70601667004917,30.14903380704732
31,958292,600.9092375939358,1897.744549924256,12,11,1036,1035,-7.4616531204278544,7.4616531204278544
31,403739,1200.7034579128156,986.3309575545446,10,0,1059,1058,-1.9825603556560052,7.1219965102307015
31,402488,1910.9946482436453,222.73009946937603,36,0,1007,0,58.23528335350989,60.40993286945175
31,404664,1805.559102134176,1555.0135373993853,5,3,1017,0,49.93036197183028,40.35659060150692
32,957518,923.252652396409,132.31742163108106,34,0,1005,1004,0.0,-5.96932249634213
32,956687,131.5010289955519,719.5056301315558,1,0,1032,0,8.000062600489857,-2.00001565012235
32,422403,0.0,336.00252001890016,39,0,1021,0,0.0,-13.000097500731274
32,424259,1636.572849999426,1471.2706023109495,4,3,1015,1014,43.42235122512648,89.85293591095865
32,424719,643.0761472061731,1759.062247342843,8,6,1039,0,53.764775315307475,54.781197572143135
32,422475,485.9510321329946,379.34940628014465,28,27,1049,0,14.577553486989073,1.0722375450536674
32,423444,1198.7208975571593,993.4529540647757,10,0,1059,1058,-7.0326182663322925,5.644599577709527
32,422674,1767.4521642593552,523.1008468664198,15,14,1052,1051,2.4308705200091936,-43.182332503014614
32,422995,736.5606208218167,720.2947101669619,13,11,1028,0,-5.819012393498156,43.12575820453685
32,958487,1387.3674764870073,2021.6079917233544,40,0,1000,0,-22.384959361283112,-56.708563715249966
32,958319,593.4475844735077,1905.2062030446841,12,11,1036,1035,22.384959361283,28.354281857624983
32,958316,490.4767714116069,1867.8979374425448,21,0,1011,1010,2.984661248170994,-1.4923306240852983
32,422318,1969.2299315971552,283.14003233882784,36,0,1007,0,35.962423261258664,53.62668479197009
32,422589,1852.8655334342866,458.1796628173477,16,14,1043,1042,-9.243032094890397,14.964996455323842
32,424443,1855.4894641060064,1595.3701280008927,5,3,1017,0,124.25806633984187,69.41779785823428
32,422777,0.0,599.004492533694,33,0,1056,0,0.7643842281359903,-2.871315005869178
33,426695,1191.6882792908273,999.0975536424852,10,0,1059,1058,12.751052651014106,-11.100432547032485
33,958337,493.4614326597778,1866.4056068184605,21,0,1011,1010,0.9772827101724032,-9.72814556269077
33,427678,1679.9952012245526,1561.1235382219086,4,3,1000,0,-5.266148981780816,39.6859205670114
33,425566,0.0,323.0024225181689,39,0,1021,0,0.0,4.000030000224967
33,957527,923.252652396409,126.34809913473892,34,0,1005,1004,-1.4923306240852983,-13.4309756167697
33,427866,1979.7475304458485,1664.787925859127,5,3,1017,0,39.174055631181545,65.0034084289266
33,426215,730.7416084283185,763.4204683714987,13,11,1028,0,2.367993022004839,10.449126938888526
33,425637,500.5285856199838,380.4216438251983,28,27,1049,0,9.641045729943356,0.8266338028335554
33,425955,0.7643842281359903,596.1331775278247,33,0,1056,0,-0.7643842281359903,16.871420006656535
33,428128,696.8409225214806,1813.8434449149854,8,6,1036,1035,20.1139771161603,4.092929478489396
33,425771,1843.622501339396,473.1446592726715,16,14,1043,1042,-8.980431802381418,6.023415313094291
33,958499,1364.982517125724,1964.899428008105,40,0,1015,1014,-11.938644992683976,-46.26224934665129
33,958396,615.8325438347907,1933.5604849023086,12,11,1039,0,20.89262873719713,20.892628737197587
33,425778,1769.8830347793646,479.91851436340517,15,14,1052,1051,10.561931150326018,-38.069596058931104
33,956723,139.50109159604176,717.5056144814332,1,0,1032,0,47.92134793433735,29.724693480882248
33,958643,2005.1923548584134,336.7667171307979,36,0,1007,0,0.0,0.0
34,958408,636.725172571988,1954.4531136395065,12,11,1039,0,0.0,1.4923306240857528
34,448193,1780.4449659296906,441.8489183044741,15,14,1052,1051,14.617540386576819,-22.669919265779637
34,448013,0.0,327.0024525183938,39,0,1056,0,8.500066513020464,-9.49996806145293
34,450509,716.9548996376409,1817.936374393476,8,6,1036,1035,51.287385058682396,-32.382843329797424
34,958661,1958.9301055117623,238.27289594115325,38,36,1009,1007,-133.95918386237895,-187.12784849897514
34,958658,2017.1309998510985,318.8587496417716,37,36,1008,1007,-11.450866919054306,-34.22707181133427
34,450391,2018.921586077029,1729.7913342880533,5,3,1017,0,-22.18181750388544,43.298164694239404
34,448721,187.4224395303791,747.2303079623157,1,0,1032,0,1.4919378199447235,10.480823190464776
34,449118,1204.4393319418414,987.9971210954526,10,0,1059,1058,0.8953951490559575,0.45708959894307105
34,958511,1353.04387213304,1918.6371786614527,40,0,1015,1014,-22.384959361283112,-5.969322496341647
34,448225,1834.6420695370145,479.16807458576585,16,14,1043,1042,-3.5959519815405656,10.401898203698238
34,957539,921.7603217723237,112.91712351796923,34,0,1005,1004,-10.446314368598678,-2.984661248171065
34,448105,510.1696313499272,381.2482776280319,28,27,1049,0,-10.699045805007474,1.3412038811626985
34,448765,733.1096014503232,773.8695953103872,13,11,1028,0,5.6125133792496635,-15.43040631134079
34,450173,1674.7290522427716,1600.8094587889198,4,3,1000,0,19.609169402203637,98.15647474517073
34,450554,494.43871536995033,1856.6774612557695,21,0,1011,1010,-3.961943958343397,6.743484314519493
34,448441,0.0,613.0045975344814,33,0,1021,0,0.0,0.0
35,463235,1694.3382216449756,1698.9659335340905,4,3,1000,0,44.97887060857874,100.32194392608129
35,958347,490.4767714116069,1863.4209455702887,21,0,1011,1010,4.476991872256576,11.938644992683749
35,463373,768.2422846963233,1785.553531063678,8,6,1036,1035,20.47874275940319,2.5330703736453866
35,959168,8.500066513020464,317.50248445694086,39,0,1056,0,6.0000469503673886,-12.00009390073484
35,461013,499.4705855449197,382.5894815091945,28,27,1049,0,-21.966296233589283,12.102504342067391
35,461072,1795.0625063162674,419.17899903869454,15,14,1052,1051,24.5257389800106,-18.270230404120525
35,463647,946.0070950532128,2039.0152926146948,41,0,1025,0,-28.7629875296833,-36.53420253557397
35,958420,636.725172571988,1955.945444263592,12,11,1039,0,-52.72041600245166,-60.622947280893186
35,957551,911.314007403725,109.93246226979817,34,0,1005,1004,0.0,-13.4309756167697
35,461615,188.91437735032383,757.7111311527804,1,0,1032,0,-53.329661087937325,-22.632080273119755
35,463350,1996.7397685731448,1773.0894989822928,5,3,1017,0,-66.21031660231641,61.44167663926305
35,462005,1205.334727090897,988.4542106943956,10,0,1059,1058,-22.005505836469865,28.80311273323923
35,958523,1330.6589127717568,1912.667856165112,40,0,1015,1014,-19.400298113111827,-19.400298113111607
35,460849,2005.680132932044,284.6316778304373,37,36,1008,1007,-12.674297727240171,-32.573498525724354
35,461616,738.7221148295731,758.4391889990465,13,11,1028,0,2.5320517199228334,-31.544191890089564
35,460479,1824.9709216493839,51.145047442178104,38,36,1009,1007,-30.33516613135953,-42.704799656670545
35,461176,1831.046117555474,489.56997278946403,16,14,1043,1042,-5.115994729407476,10.183559284321518
36,473734,1993.005835204804,252.0581793047129,37,36,1008,1007,14.690940269578507,10.659701500161248
36,473989,477.50428931133035,394.6919858512619,28,27,1049,0,-12.987661042727554,4.823565397869345
36,476612,917.2441075235297,2002.4810900791208,41,0,1025,0,68.76328753193332,36.53420253557397
36,958535,1311.258614658645,1893.2675580520001,40,0,1015,1014,-16.415636864940325,0.0
36,473996,1819.588245296277,400.90876863457396,15,14,1052,1051,9.144555746852118,-7.326483237008006
36,474568,135.5847162623865,735.0790508796606,1,0,1032,0,35.75018953472454,18.980123645560862
36,476496,584.0047565695363,1895.3224969826983,12,11,1039,0,-8.808804925621189,-17.624523294678966
36,473360,1794.635755518024,8.440247785507562,38,36,1009,1007,0.0,0.0
36,959190,14.500113463387851,305.50239055620614,39,0,1056,0,0.0,12.00009390073484
36,958359,494.95376328386345,1875.359590562973,21,0,1011,1010,4.476991872256633,10.446314368598905
36,474138,1825.9301228260665,499.7535320737856,16,14,1043,1042,-0.7187865107644029,4.452171267018287
36,476376,788.7210274557265,1788.0866014373237,8,6,1036,1035,25.36624324110835,-21.450573659305746
36,476440,1930.529451970828,1834.531175621556,5,3,1017,0,-25.169285285622664,37.16132643323158
36,474392,0.0,636.0047700357752,42,0,1050,0,0.0,0.0
36,474551,741.2541665494957,726.8949971089569,13,11,1028,0,0.4051216922115373,-8.6902382884374
36,476406,1739.3170922535544,1799.2878774601718,4,3,1000,0,47.30933427149058,28.748517971059986
36,957563,911.314007403725,96.50148665302844,34,0,1005,1004,-2.984661248171278,-4.476991872256576
36,475000,1183.3292212544275,1017.2573234276348,10,0,1059,1058,-10.133582946866452,13.321890641006574
37,489412,575.1959516439151,1877.69797368802,12,11,1039,0,13.774640957336599,33.47755185300639
37,957575,908.3293461555536,92.02449478077186,34,0,1005,1004,-5.969322496342329,-1.4923306240855254
37,489556,986.0073950554628,2039.0152926146948,41,0,1025,0,41.00030750230621,0.0
37,486739,2007.6967754743825,262.7178808048742,37,36,1008,1007,31.318517140312448,-7.715968290530299
37,486994,1828.7328010431304,393.582285397566,15,14,1052,1051,8.277497422405077,-7.159186086959608
37,489361,1786.626426525045,1828.036395431232,4,3,1000,0,-5.76441418480249,14.142400024688639
37,487516,741.6592882417073,718.2047588205196,13,11,1028,0,-2.725225877452317,3.3237969804625886
37,958547,1294.8429777937047,1893.2675580520001,40,0,1015,1014,8.953983744512927,23.87728998536841
37,487576,171.33490579711105,754.0591745252216,1,0,1032,0,-9.474324957034185,-5.754962962817102
37,487012,464.5166282686029,399.51555124913125,28,27,1049,0,-13.310240405300135,9.36931203045691
37,487151,1825.211336315302,504.20570334080384,16,14,1043,1042,0.17180241453252165,2.397279051829571
37,958371,499.4307551561202,1885.805904931572,21,0,1011,1010,4.4769918722565185,2.9846612481710513
37,487999,1173.195638307561,1030.5792140686417,10,0,1059,1058,-9.930165873365011,11.508908824146829
37,489276,814.0872706968347,1766.6360277780175,8,6,1036,1035,29.687406471018683,-15.73324293466294
37,489403,1905.3601666852053,1871.6925020547878,5,3,1017,0,2.0675503401475908,29.74599714936244
37,959216,14.500113463387851,317.50248445694086,39,0,1056,0,9.000070425551076,-12.00009390073484
38,500423,161.86058084007686,748.3042115624044,1,0,1032,0,-1.7910415783818507,-4.473756552056784
38,959240,23.500183888938928,305.50239055620614,39,0,1056,0,0.0,0.0
38,502220,1780.8620123402422,1842.1787954559204,4,3,1000,0,-11.064402182129696,40.47044360594328
38,502284,1907.4277170253529,1901.438499204149,5,3,1017,0,3.561860642239253,4.332717422208589
38,499851,451.2063878633026,408.88486327958816,28,27,1049,0,-1.6236060508596781,2.73577477145227
38,958559,1303.7969615382174,1917.1448480373685,40,0,1015,1014,-2.9846612481708235,7.461653120427173
38,500372,738.934062364255,721.5285558009821,13,11,1028,0,3.7597632051998735,-10.852750946732042
38,500880,1163.265472434196,1042.0881228927883,10,0,1059,1058,5.575433284159772,-8.274517819351104
38,957587,902.3600236592114,90.53216415668636,34,0,1005,1004,7.4616531204278544,11.938644992684205
38,502118,843.7746771678535,1750.9027848433548,8,6,1036,1035,17.613157880021163,-8.700762722003901
38,958383,503.9077470283766,1888.7905661797427,21,0,1011,1010,-4.465082691342616,0.97508298401317
38,500015,1825.3831387298346,506.60298239263335,16,14,1043,1042,-0.04312150514988389,2.6677399134875373
38,958435,588.9705926012517,1911.1755255410267,12,11,1039,0,13.257145258909645,9.897367119607454
38,499816,1837.010298465535,386.4230993106064,15,14,1052,1051,16.656389538321722,-18.917513171629256
38,499634,2039.0152926146948,255.0019125143439,37,36,1008,1007,0.0,0.0
38,502399,1027.007702557769,2039.0152926146948,41,0,1025,0,0.0,0.0
39,518308,602.2277378601614,1921.0728926606325,12,11,1039,0,40.46675720816893,48.30352721972757
39,958571,1300.8123002900468,1924.606501157796,40,0,1015,1014,-11.938644992684205,-2.9846612481710513
39,518273,499.442664337034,1889.765649163756,21,0,1011,1010,1.0552658193448108,0.5240181730955555
39,515777,449.58278181244316,411.6206380510403,28,27,1049,0,20.25786087319227,-2.091028267191689
39,516352,160.069539261695,743.8304550103476,1,0,1032,0,5.7920661199580366,-1.3320773255861695
39,516175,0.0,641.0048075360568,43,0,1023,0,0.0,3.000022500168484
39,516269,742.6938255694548,710.67580485425,13,11,1028,0,-2.6043324438298896,7.655833419661462
39,959264,23.500183888938928,305.50239055620614,39,0,1056,0,-9.000070425551076,-12.000093900734726
39,518103,861.3878350478748,1742.2020221213504,8,6,1036,1035,13.096075601071336,-11.391598761862495
39,957599,909.8216767796392,102.47080914937055,34,0,1005,1004,8.953983744513152,13.430975616769727
39,516853,1168.8409057183558,1033.8136050734372,10,0,1059,1058,5.774402185770214,-8.230673619754725
39,518257,1769.7976101581125,1882.649239061864,4,3,1000,0,-21.58701260330872,64.08639613809261
39,515708,1853.6666880038567,367.5055861389772,15,14,1052,1051,48.88320202917771,-57.97057657467849
39,518298,1910.989577667592,1905.7712166263586,5,3,1017,0,-1.447931774806193,-12.887199105325179
39,515960,1825.3400172246847,509.2707223061209,16,14,1043,1042,-0.4608785319774142,-4.017497746162518
40,526092,165.86160538165302,742.4983776847614,1,0,1032,0,2.6784462604499883,-11.558944161673141
40,525574,469.8406426856353,409.5296097838488,28,27,1049,0,7.794359911897743,-3.458513366061481
40,526037,740.089493125625,718.3316382739115,13,11,1028,0,-6.2725705864172605,25.34578641830456
40,527917,1748.2105975548038,1946.7356351999563,4,3,1000,0,-22.004682957630855,60.90014972175232
40,957611,918.7756605241524,115.9017847661403,34,0,1005,1004,7.461653120427513,-1.4923306240855396
40,525730,1824.8791386927082,505.25322455995837,16,14,1043,1042,-2.786600802621024,-5.668784887476478
40,525415,1902.5498900330344,309.5350095642986,15,14,1052,1051,-0.2880730725726153,7.255050955213277
40,526522,1174.615307904126,1025.5829314536825,10,0,1059,1058,14.156926128820714,-25.000217046646533
40,527868,1909.541645892786,1892.8840175210328,5,3,1017,0,0.4435427117975905,-11.179807554811077
40,959288,14.500113463387851,293.5022966554713,39,0,1056,0,3.0000234751836987,9.00007042555103
40,958583,1288.8736552973626,1921.6218399096247,40,0,1015,1014,20.89262873719713,44.769918722565755
40,958453,642.6944950683302,1969.3764198803613,12,11,1039,0,6.532947715079104,1.4251020765962041
40,527670,874.4839106489461,1730.8104233594886,8,6,1036,1035,6.126980240469719,-1.1075282464903466
40,525943,0.0,644.0048300362251,43,0,1023,0,0.0,0.0
40,527863,500.4979301563788,1890.289667336852,21,0,1011,1010,4.319410600828121,6.203811060160207
41,540495,649.2274427834094,1970.8015219569575,12,11,1039,0,21.821334142545883,31.406171653285128
41,537921,1902.261816960461,316.7900605195119,15,14,1052,1051,4.294083219749382,-12.8374156616905
41,538562,168.54005164210304,730.9394335230883,1,0,1032,0,9.863365557471553,-5.495051566892244
41,539011,1188.7722340329467,1000.582714407036,10,0,1059,1058,5.4809895439952925,-2.4727132190855627
41,538052,477.63500259753306,406.07109641778726,28,27,1049,0,-16.844538440589304,4.3135329399493125
41,540548,1726.2059145971728,2007.6357849217086,4,3,1000,0,0.0,0.0
41,958595,1309.7662840345595,1966.3917586321909,40,0,1015,1014,17.907967489026305,37.308265602138135
41,540444,504.81734075720686,1896.493478397012,21,0,1011,1010,8.600325583129347,13.857806928617036
41,957623,926.2373136445799,114.40945414205477,34,0,1005,1004,-7.461653120427513,-1.4923306240855254
41,538578,733.8169225392078,743.677424692216,13,11,1028,0,-5.622549593554481,15.250704939074922
41,540210,880.6108908894157,1729.702895112998,8,6,1036,1035,3.977683591945493,-9.272534117728584
41,538196,1822.0925378900863,499.584439672482,16,14,1043,1042,0.7912732322474767,1.4674383199168233
41,540438,1909.9851886045835,1881.7042099662226,5,3,1017,0,34.525304384531644,-65.6996046983354
41,959312,17.50013693857155,302.5023670810224,39,0,1056,0,-9.000070425551089,-9.00007042555103
42,958478,671.0487769259553,2002.2076936102426,12,11,1039,0,32.956503113645,36.807599004452186
42,958607,1327.674251523586,2003.7000242343286,40,0,1015,1014,-7.461653120427628,7.461653120427628
42,551438,1194.253223576942,998.1100011879504,10,0,1059,1058,10.55629645640397,-12.08318778373291
42,550661,1822.8838111223333,501.05187799239883,16,14,1043,1042,-0.3552703873770042,-2.6123778004674705
42,957635,918.7756605241524,112.91712351796923,34,0,1005,1004,11.93864499268409,13.4309756167697
42,550353,1906.5559001802112,303.9526448578214,15,14,1052,1051,7.183351389792506,-11.524287982494284
42,552918,513.4176663403363,1910.3512853256286,21,0,1011,1010,5.625355629882506,-0.15057619712570158
42,959336,8.500066513020464,293.5022966554713,39,0,1056,0,6.0000469503673886,-6.000046950367391
42,552687,884.5885744813612,1720.4303609952694,8,6,1036,1035,-0.9720512938902176,-3.2790446425790383
42,551033,178.4034171995746,725.444381956196,1,0,1032,0,9.411887203763401,0.6203968062806098
42,551088,728.1943729456532,758.9281296312912,13,11,1028,0,3.8460890152854286,1.656718528398642
42,550513,460.79046415694376,410.38462935773657,28,27,1049,0,9.972603716549713,-1.3269524430447177
42,552821,1944.5104929891158,1816.0046052678867,5,3,1017,0,34.90474261115878,-48.79522023366144
43,560136,1913.739251570004,292.4283568753271,15,14,1052,1051,-3.6216135829895393,-3.2461320174110138
43,957647,930.7143055168364,126.34809913473892,34,0,1005,1004,4.47699187225669,28.35428185762493
43,560879,187.81530440333802,726.0647787624766,1,0,1032,0,7.4965557093669295,14.514855591369724
43,562593,883.616523187471,1717.1513163526904,8,6,1036,1035,7.294195666020187,-5.5414952842568255
43,562850,519.0430219702188,1910.2007091285031,21,0,1011,1010,7.753610345813173,6.547275771977184
43,560387,470.7630678734935,409.0576769146919,28,27,1049,0,1.7911862666067575,1.2870230343477829
43,561318,1204.809520033346,986.0268134042177,10,0,1059,1058,-3.162956861449402,7.904644661046177
43,959360,14.500113463387851,287.50224970510396,39,0,1056,0,0.0,0.0
43,560540,1822.5285407349568,498.4395001919313,16,14,1043,1042,-5.5849211730810575,-1.5352752092680362
43,958619,1320.2125984031586,2011.161677354756,40,0,1015,1014,0.0,11.938644992684658
43,562974,704.0052800396002,2039.0152926146948,12,11,1039,0,0.0,0.0
43,562672,1979.415235600274,1767.2093850342249,5,3,1017,0,31.267361619734398,-32.837557988569195
43,560948,732.0404619609387,760.5848481596896,13,11,1028,0,-1.5684032761104163,7.089538731254038
44,576296,1910.1176379870144,289.1822248579161,15,14,1052,1051,6.762221755581321,-7.139550506181138
44,577096,730.4720586848282,767.6743868909438,13,11,1028,0,-1.558396034308089,5.811138087948166
44,577065,195.3118601127049,740.5796343538465,1,0,1032,0,3.876494193120891,-0.6176230062981176
44,578765,890.9107188534912,1711.6098210684336,8,6,1036,1035,-0.9889767360051565,-1.5691197017711147
44,958631,1320.2125984031586,2023.1003223474409,40,0,1015,1014,0.0,0.0
44,579043,526.7966323160321,1916.7479849004806,21,0,1011,1010,10.328809561007006,15.089749084771713
44,576676,1816.943619561876,496.90422498266327,16,14,1043,1042,-2.635436681647434,0.9863475012893446
44,578791,2010.6825972200088,1734.3718270456561,5,3,1017,0,0.0,0.0
44,957659,935.1912973890933,154.70238099236389,34,0,1005,1004,-13.4309756167695,-19.400298113111774
44,576530,472.55425414010017,410.3446999490397,28,27,1049,0,9.997342477144514,2.3797608120391374
44,577492,1201.6465631718966,993.9314580652637,10,0,1059,1058,-10.691412207208032,10.3459909390034
45,599400,482.5515966172448,412.7244607610788,28,27,1049,0,4.081167698156435,-2.1729389666616044
45,599918,199.1883543058258,739.9620113475482,1,0,1032,0,0.5600381022599379,1.942750207937252
45,601838,537.1254418770391,1931.837733985252,21,0,1011,1010,6.256072551248053,7.320390348545287
45,957671,921.7603217723237,135.30208287925208,34,0,1005,1004,-17.907967489026422,-38.80059622622362
45,600323,1190.9551509646885,1004.2774490042668,10,0,1059,1058,-11.365420233531722,11.74411206365869
45,601539,889.9217421174858,1710.0407013666627,8,6,1036,1035,-5.308982761562107,5.336146920029479
45,599513,1814.3081828802285,497.8905724839526,16,14,1043,1042,2.088546534189163,0.4435503035812758
45,599162,1916.8798597425955,282.04267435173495,15,14,1052,1051,1.489368909940595,-1.1975906376345051
45,599962,728.9136626505203,773.4855249788917,13,11,1028,0,-5.5759272055925075,13.382700374011508
46,604747,884.6127593559239,1715.376848286692,8,6,1036,1035,-2.2615555608670093,3.5204289265452644
46,603114,723.3377354449278,786.8682253529033,13,11,1028,0,1.4340257822033209,-0.8153346772937766
46,602543,486.6327643154012,410.55152179441717,28,27,1049,0,-24.189165183725834,10.806401895264173
46,602689,1816.3967294144168,498.3341227875339,16,14,1043,1042,3.6779850370269287,20.15447978196136
46,602362,1918.369228652536,280.84508371410044,15,14,1052,1051,-5.364746380941369,6.422124678605712
46,603516,1179.5897307311568,1016.0215610679255,10,0,1059,1058,-1.1885482080015208,3.209536686667775
46,605084,543.381514428287,1939.1581243337973,21,0,1011,1010,13.385755060485964,15.110100817538294
46,605171,1106.0082950622127,2039.0152926146948,44,0,1047,0,-3.467458187974671,-25.37705025537571
46,603060,199.74839240808566,741.9047615554855,1,0,1032,0,3.3957476563244318,5.3369005680211785
46,957683,903.8523542832972,96.50148665302844,34,0,1005,1004,-4.476991872256804,-10.446314368598678
47,619139,462.44359913167534,421.3579236896812,28,27,1049,0,37.51927482719327,-7.4105660148658785
47,621219,882.3512037950569,1718.8972772132372,8,6,1036,1035,4.279646980895109,5.844927060778673
47,621603,556.767269488773,1954.268225151336,21,0,1011,1010,-6.923946135137272,-2.2167390271029035
47,619621,203.14414006441018,747.2416621235068,1,0,1032,0,0.6816530510938037,3.547652121902047
47,619653,724.771761227131,786.0528906756094,13,11,1028,0,0.2337666645477157,9.27574957492766
47,619270,1820.0747144514444,518.4886025694951,16,14,1043,1042,11.194739844173911,7.187094648352172
47,621656,1102.540836874238,2013.6382423593188,44,0,1047,0,-12.347326459728265,-0.4212736365075216
47,957695,899.3753624110402,86.0551722844298,34,0,1005,1004,0.0,0.0
47,619997,1178.4011825231553,1019.2310977545936,10,0,1059,1058,8.731948654380403,-11.190847085474159
47,618928,1913.004482271595,287.2672083927061,15,14,1052,1051,-10.16758951011866,14.316703068928687
48,629485,725.0055278916788,795.3286402505372,13,11,1028,0,-2.311238626827958,2.44042714662487
48,629004,1831.2694542956185,525.6756972178474,16,14,1043,1042,-5.129550591234191,-2.1604256270661613
48,957707,899.3753624110402,86.0551722844298,34,0,1005,1004,10.446314368598793,8.953983744513122
48,629828,1187.1331311775355,1008.0402506691194,10,0,1059,1058,7.92068118941097,-8.21285426363579
48,630759,2039.0152926146948,1488.0111600837006,45,0,1001,0,-67.53292596879919,15.495209599803955
48,631513,1090.1935104145098,2013.2169687228115,44,0,1047,0,-5.496451090357142,-10.264969442430127
48,628856,499.9628739588686,413.94735767481546,28,27,1049,0,14.206269409399853,0.16075393531082227
48,628671,1902.836892761476,301.58391146163484,15,14,1052,1051,-3.3081584075587216,1.9858613190928625
48,631440,549.8433233536357,1952.0514861242327,21,0,1011,1010,-5.816864945750581,-0.16028538319437755
48,631124,886.630850775952,1724.742204274016,8,6,1036,1035,-6.389054678119352,3.8165285245288487
48,629428,203.82579311550398,750.7893142454088,1,0,1032,0,-9.467550017409993,2.7106935131087084
49,643019,1195.0538123669467,999.8273964054836,10,0,1059,1058,0.5763390259003245,-3.506378805935356
49,644651,1084.6970593241526,2002.951999280381,44,0,1047,0,0.7493870748530753,-10.00311975527643
49,642061,514.1691433682685,414.10811161012634,28,27,1049,0,21.48558885556713,-7.392962961419016
49,644580,544.0264584078851,1951.8912007410386,21,0,1011,1010,7.2698080582190405,6.089595725636173
49,642631,194.358243098094,753.5000077585173,1,0,1032,0,-1.1676797539700488,-4.57326462106164
49,643879,1971.482366645896,1503.5063696835045,45,0,1001,0,-72.65856785456958,48.344779544512214
49,642681,722.6942892648508,797.7690673971623,13,11,1028,0,1.6977829161793352,0.042292994678746254
49,641912,1899.5287343539173,303.5697727807277,15,14,1052,1051,-2.1557377525439283,3.6873147690430415
49,644248,880.2417960978328,1728.5587327985447,8,6,1036,1035,-19.090491090444058,14.52725595009042
49,957719,909.8216767796392,95.00915602894293,34,0,1005,1004,0.0,0.0
49,642260,1826.1399037043839,523.5152715907814,16,14,1043,1042,2.08147868774563,-3.154292092048536
50,655747,193.19056334412394,748.9267431374558,1,0,1032,0,-1.1262874801900011,-3.207475100166107
50,657409,861.1513050073886,1743.0859887486351,8,6,1036,1035,-10.964664255410183,13.49500879348011
50,655106,1897.3729966013727,307.25708754977074,15,14,1052,1051,-3.5699765923684486,-0.38090802324620654
50,657062,1898.823798791326,1551.8511492280163,45,0,1001,0,-43.649973153434985,69.3718812907739
50,957731,909.8216767796392,95.00915602894293,34,0,1005,1004,1.4923306240857528,1.4923306240855538
50,657733,551.2962664661042,1957.9807964666745,21,0,1011,1010,-5.54077183614038,-5.703335763036421
50,655802,724.3920721810301,797.8113603918408,13,11,1028,0,-0.8954643486556506,-0.17137449803942673
50,657784,1085.4464463990055,1992.948879525105,44,0,1047,0,-20.600548544415915,2.539382883155895
50,655422,1828.2213823921293,520.3609794987327,16,14,1043,1042,2.7075140941690283,8.294573557307219
50,656156,1195.630151392847,996.3210175995482,10,0,1059,1058,-0.2693610387989338,3.682788518849293
50,655248,535.6547322238356,406.71514864870727,28,27,1049,0,19.364296833569934,15.158580045867664
51,670762,545.7554946299639,1952.277460703638,21,0,1011,1010,-7.881706774006034,-4.023192199137611
51,957743,911.314007403725,96.50148665302844,34,0,1005,1004,-1.4923306240857528,0.0
51,668905,723.4966078323746,797.6399858938014,13,11,1028,0,-8.012708608876778,38.59555134493383
51,670817,1064.8458978545898,1995.4882624082609,44,0,1047,0,0.4852522565752224,11.16492568020908
51,668455,1830.9288964862988,528.6555530560399,16,14,1043,1042,3.9501381714255785,29.057834222655853
51,668292,555.0190290574054,421.8737286945749,28,27,1049,0,19.567212636046747,16.185223011885284
51,668831,192.06427586393397,745.7192680372897,1,0,1032,0,-8.677749488179785,11.772333738889985
51,670495,850.1866407519783,1756.5809975421153,8,6,1036,1035,2.17163066628018,16.051115460705887
51,668060,1893.8030200090047,306.8761795265245,15,14,1052,1051,0.2461009767616815,-6.172925009364293
51,670269,1855.173825637891,1621.223030518791,45,0,1001,0,27.982652326306148,47.438547335032816
51,667543,311.00233251749387,0.0,46,0,1020,0,0.0,0.0
51,669207,1195.360790354048,1000.0038061183976,10,0,1059,1058,0.11303445131034096,1.8712078798535003
52,683785,1065.331150111165,2006.65318808847,44,0,1047,0,-30.323387552945857,32.36210452622481
52,681775,183.38652637575416,757.4916017761798,1,0,1032,0,-60.267378507916405,-46.110540559822084
52,681889,715.4838992234978,836.2355372387352,13,11,1028,0,9.944157962886493,-41.528716889181965
52,683297,1883.1564779641967,1668.6615778538232,45,0,1001,0,11.274704423205097,58.441148288286286
52,683463,852.3582714182588,1772.6321130028214,8,6,1036,1035,15.323122777897881,-22.048738405316048
52,680580,308.00231001732516,0.0,47,0,1063,0,5.0000375002812225,0.0
52,682136,1195.4738248053584,1001.875013998251,10,0,1059,1058,-4.7856260689411565,1.3558145999974158
52,957755,909.8216767796392,96.50148665302844,34,0,1005,1004,13.430975616769727,32.831273729881524
52,681309,574.5862416934523,438.05895170646016,28,27,1049,0,-2.125992292389924,3.495544485395726
52,681076,1894.0491209857666,300.70325451716025,15,14,1052,1051,-1.9726395025691092,-0.3633025456744576
52,683700,537.8737878559577,1948.2542685045005,21,0,1011,1010,-3.2272609379316464,-5.040776918917572
52,681461,1834.8790346577246,557.7133872786958,16,14,1043,1042,-5.70731340465045,10.321253731140699
53,693673,313.0023475176064,0.0,47,0,1063,0,2.000015000112512,0.0
53,957767,923.252652396409,129.33276038290998,34,0,1005,1004,-2.984661248171278,-10.446314368598664
53,694596,1829.1717212530727,568.0346410098365,16,14,1043,1042,-2.0389309178040094,3.591312076833788
53,694405,572.4602494010624,441.554496191856,28,27,1049,0,-6.769240594221515,12.057111347400449
53,695354,1190.6881987364172,1003.2308285982484,10,0,1059,1058,-9.543566505082026,9.787138066605053
53,694136,1892.0764814831973,300.33995197148585,15,14,1052,1051,0.2783251135954288,-0.6447834680471942
53,694840,123.11914786783777,711.3810612163576,1,0,1032,0,-16.347387493922678,-5.715433671383152
53,697055,1035.0077625582194,2039.0152926146948,44,0,1047,0,10.000075000562674,0.0
53,696977,534.6465269180261,1943.213491585583,21,0,1011,1010,-3.073393942335201,-2.671827254369191
53,696662,1894.4311823874027,1727.1027261421093,45,0,1001,0,-17.317583789821587,71.77162934984744
53,694999,725.4280571863843,794.7068203495533,13,11,1028,0,0.16970669426427776,-6.009036114837387
53,696693,867.6813941961565,1750.5833745975049,8,6,1036,1035,13.382725795240614,-21.028768599680923
54,707818,106.77176037391509,705.6656275449742,1,0,1032,0,-4.449258940784746,11.041467458708212
54,707563,1827.132790335269,571.6259530866703,16,14,1043,1042,-4.252651971082287,-4.373838224434508
54,708011,725.5977638806485,788.6977842347159,13,11,1028,0,3.4128507410574684,-23.39366246032773
54,709704,881.0641199913971,1729.5546059978244,8,6,1036,1035,12.332373392588465,-10.526645021088145
54,707177,1892.354806596793,299.6951685034386,15,14,1052,1051,-4.536378992681649,1.5651524303271458
54,710028,531.5731329756909,1940.5416643312133,21,0,1011,1010,-6.896375068280691,-9.766030879280605
54,706755,315.0023625177189,0.0,47,0,1063,0,-7.000052500393736,0.0
54,707744,0.0,661.0049575371814,48,0,1040,0,0.0,5.000037500281337
54,708357,1181.1446322313352,1013.0179666648537,10,0,1059,1058,3.0358765137088994,1.0393623255677085
54,709791,1877.113598597581,1798.8743554919574,45,0,1001,0,14.726951396099365,31.528967219474676
54,710130,1045.0078375587818,2039.0152926146948,44,0,1047,0,15.00011250084367,0.0
54,707414,565.6910088068407,453.6116075392563,28,27,1049,0,27.16205097852957,-3.00791457627912
54,957779,920.2679911482376,118.88644601431132,34,0,1005,1004,8.953983744513494,10.446314368598664
55,722691,893.3964933839856,1719.027960976736,8,6,1036,1035,9.364303563376325,-12.111374311101828
55,719745,308.00231001732516,0.0,47,0,1040,0,-6.898868666703493,15.27524553158384
55,720513,592.8530597853704,450.6036929629773,28,27,1049,0,3.7594383093706933,7.7314845564993115
55,957791,929.2219748927513,129.33276038290998,34,0,1005,1004,-7.461653120427513,-11.938644992684187
55,720664,1822.8801383641878,567.2521148622358,16,14,1043,1042,-2.7819276983309464,-2.13052154315858
55,720915,102.32250143313033,716.7070950036825,1,0,1032,0,-12.034410272718306,-32.91426726236796
55,723090,1060.0079500596255,2039.0152926146948,44,0,1047,0,23.000172501293715,0.0
55,958676,760.5886143710867,2012.6540079788413,49,0,1026,0,-61.18555558750654,-55.21623309116443
55,720849,0.0,666.0049950374628,48,0,1063,0,0.0,-4.000030000224911
55,722986,524.6767579074102,1930.7756334519327,21,0,1011,1010,-2.754545065906541,-6.048312095650999
55,722848,1891.84054999368,1830.4033227114319,45,0,1001,0,107.46813836831213,27.145806690992462
55,721019,729.0106146217059,765.3041217743881,13,11,1028,0,1.731387267670243,-16.654152395985534
55,721402,1184.1805087450439,1014.0573289904213,10,0,1059,1058,-2.600569406878776,2.7473330372774853
55,720243,1887.8184276041115,301.26032093376574,15,14,1052,1051,3.4538957981430936,0.7936013492949883
56,735691,521.9222128415037,1924.7273213562821,21,0,1011,1010,-5.197136904441892,-10.030633609956569
56,733450,1820.0982106658566,565.1215933190772,16,14,1043,1042,-2.5355446441101317,2.1521515961341042
56,733640,90.28809116041201,683.7928277413148,1,0,1032,0,37.78955611911576,-33.99798028847897
56,735813,1083.0081225609192,2039.0152926146948,44,0,1026,0,0.0,0.0
56,733087,1891.2723234022546,302.0539222830608,15,14,1052,1051,0.10495289908317318,-2.912515913400909
56,732636,301.10344135062167,15.27524553158384,47,0,1040,0,0.0,0.0
56,735580,1999.308688361992,1857.5491294024241,45,0,1001,0,0.0,0.0
56,957803,921.7603217723237,117.39411539022579,34,0,1005,1004,1.4923306240852983,4.476991872256591
56,733603,0.0,662.0049650372379,48,0,1063,0,0.0,-1.0000075000564266
56,958688,699.4030587835801,1957.4377748876773,49,0,1047,0,10.446314368598564,-2.9846612481710513
56,733307,596.6124980947411,458.33517751947664,28,27,1049,0,-6.068269257884481,1.173751618533572
56,735351,902.7607969473621,1706.9165866656342,8,6,1036,1035,-5.184051617191585,3.8086254101340273
56,958000,730.7420018893762,748.6499693784026,13,11,1028,0,-5.9693224963421025,-4.47699187225669
56,734196,1181.5799393381653,1016.8046620276988,10,0,1059,1058,-1.071515894854656,1.8445963971186077
57,749832,0.0,661.0049575371814,48,0,1032,0,0.0,2.0000150001122847
57,749262,1891.3772763013376,299.1414063696598,15,14,1052,1051,-2.9178058332370256,3.637804196941033
57,750361,1180.5084234433107,1018.6492584248172,10,0,1059,1058,12.617626350456247,-12.389433904856675
57,959516,302.5023670810224,23.500183888938928,52,0,1045,0,-3.4156694348884,-4.419577121548901
57,749654,1817.5626660217465,567.2737449152113,16,14,1043,1042,4.349077943491011,-2.134009072680556
57,958700,709.8493731521788,1954.4531136395065,49,0,1047,0,10.446314368598905,-34.323604353967085
57,751591,897.5767453301703,1710.7252120757682,8,6,1036,1035,-7.697154426324348,7.802147551660028
57,751910,516.7250759370619,1914.6966877463253,21,0,1011,1010,4.717389074238554,-1.9207780334240847
57,749818,128.07764727952778,649.7948474528358,1,0,1063,0,-15.490503944057352,-22.145544094432353
57,958013,724.7726793930341,744.1729775061459,13,11,1028,0,4.5236798825993665,4.77259710434771
57,749503,590.5442288368566,459.50892913801016,28,27,1049,0,4.0529213916975095,3.603388314452161
57,957815,923.252652396409,121.87110726248238,34,0,1005,1004,2.984661248170937,4.476991872256548
58,760073,1193.126049793767,1006.2598245199606,10,0,1059,1058,4.8567495647916985,-11.182935450283368
58,758920,1888.4594704681008,302.7792105666008,15,14,1052,1051,-0.9249226095078028,-2.154734535557054
58,759501,0.0,663.0049725372937,48,0,1032,0,0.0,9.000067500506475
58,957827,926.2373136445799,126.34809913473892,34,0,1005,1004,4.476991872256576,8.953983744513152
58,758468,299.086697646134,19.080606767390027,52,0,1045,0,0.0,0.0
58,759455,112.58714333547043,627.6493033584034,1,0,1063,0,21.284744310661797,60.16931369250312
58,759659,729.2963592756332,748.9455746104936,13,11,1028,0,-6.016010506684892,1.1967253919945051
58,761582,521.4424650113003,1912.7759097129008,21,0,1011,1010,-4.199055863426794,-8.193438428920443
58,761318,889.879590903846,1718.5273596274285,8,6,1036,1035,-8.551444108949454,8.542800194348274
58,759359,1821.911743965237,565.1397358425307,16,14,1043,1042,-5.859541746824789,-6.661155967558784
58,958712,720.2956875207776,1920.1295092855391,49,0,1047,0,5.969322496341988,7.461653120427628
58,759217,594.5971502285541,463.1123174524623,28,27,1049,0,3.581249964140284,1.92744611436126
59,957839,930.7143055168364,135.30208287925208,34,0,1005,1004,4.47699187225669,5.9693224963421025
59,958028,723.2803487689488,750.1423000024881,13,11,1028,0,10.446314368598678,-13.43097561676984
59,958724,726.2650100171196,1927.5911624059668,49,0,1047,0,0.0,0.0
59,781656,598.1784001926944,465.03976356682364,28,27,1049,0,4.08716123425711,-2.3245357726668203
59,959642,287.50224970510396,32.500254314490014,53,0,1034,0,6.000046950367391,-6.000046950367402
59,781331,1887.5345478585928,300.6244760310438,15,14,1052,1051,-5.810981469259559,6.6658893883223405
59,781780,1816.0522022184127,558.478579874972,16,14,1043,1042,0.32083509278777456,-3.2877397309939624
59,781998,133.87188764613222,687.8186170509065,1,0,1063,0,-2.335848500542397,-21.969478929707407
59,784044,517.2434091478735,1904.582471283981,21,0,1011,1010,-4.722599462895914,-7.965649157295048
59,782562,1197.9827993585584,995.0768890696772,10,0,1059,1058,-0.9839256088114324,1.5211411431303077
59,783778,881.3281467948965,1727.0701598217763,8,6,1036,1035,-7.9218919802282235,1.966622530449058
59,781951,0.0,672.0050400378002,48,0,1032,0,0.0,12.00009000067496
60,785152,131.53603914558985,665.8491381211991,1,0,1063,0,-5.473992247311344,9.792358514545072
60,785690,1196.9988737497474,996.5980302128077,10,0,1059,1058,-3.2794465147696883,2.345080967798026
60,784991,1816.3730373112005,555.190840143978,16,14,1043,1042,1.9188425854079012,0.10901070180227634
60,957851,935.1912973890933,141.27140537559418,34,0,1005,1004,-4.47699187225669,-5.9693224963421025
60,785181,0.0,684.0051300384753,48,0,1032,0,0.0,7.000052500393848
60,958040,733.7266631375473,736.7113243857183,13,11,1028,0,-5.9693224963421025,1.4923306240855254
60,784851,602.2655614269515,462.7152277941568,28,27,1049,0,-10.588517350787127,11.53236152083457
60,959378,1292.5101138916411,1991.5155836094416,55,0,1038,0,0.0,-3.0000234751837525
60,958736,726.2650100171196,1927.5911624059668,49,0,1047,0,0.0,0.0
60,785512,1978.6401056216794,890.2576049847023,54,0,1041,0,0.0,0.0
60,784622,1881.723566389333,307.29036541936614,15,14,1052,1051,3.5145828121676463,-2.371038064328104
60,787234,512.5208096849776,1896.6168221266864,21,0,1011,1010,-7.519799019420644,-6.964397550544845
60,787001,873.4062548146683,1729.0367823522256,8,6,1036,1035,-7.994282579752394,6.616422947076671
60,959666,293.5022966554713,26.50020736412262,53,0,1034,0,-3.969049917127904,-15.802252191868575
61,809420,865.4119722349159,1735.6532052993023,8,6,1036,1035,1.9442998822821664,1.3677396007512923
61,808202,1193.7194272349775,998.9431111806056,10,0,1059,1058,-7.7754246426927685,10.418476284485225
61,807749,0.0,691.005182538869,48,0,1032,0,0.0,-9.000067500506248
61,807452,591.6770440761644,474.24758931499116,28,27,1049,0,-5.7601697484608385,7.537444763106691
61,807134,1885.2381492015008,304.9193273550381,15,14,1052,1051,1.6964357306248985,-1.4513258899243056
61,958748,726.2650100171196,1927.5911624059668,49,0,1047,0,43.277588098480244,23.877289985367952
61,806679,289.53324673834345,10.697955172254042,53,0,1034,0,3.969049917127904,6.802181766317508
61,959402,1292.5101138916411,1988.515560134258,55,0,1038,0,-12.000093900734782,0.0
61,809641,505.00101066555686,1889.6524245761407,21,0,1011,1010,3.028665099991485,5.987626472259534
61,957863,930.7143055168364,135.30208287925208,34,0,1005,1004,-1.4923306240852983,0.0
61,958052,727.7573406412051,738.2036550098038,13,11,1028,0,-1.4923306240855254,8.953983744513266
61,807737,126.06204689827848,675.6414966357441,1,0,1063,0,2.4015172829194285,52.948160993971435
61,809786,1102.0082650619881,2039.0152926146948,56,0,1018,0,-9.000067500506248,0.0
61,807537,1818.2918798966089,555.2998508457804,16,14,1043,1042,3.2638381517108432,4.230787248377169
62,810318,1886.9345849321253,303.46800146511373,15,14,1052,1051,7.607446367014518,-9.429482903578618
62,959688,293.5022966554713,17.50013693857155,53,0,1034,0,-9.000070425551089,0.0
62,959424,1280.5100199909066,1988.515560134258,55,0,1047,0,-3.00002347518398,21.000164326285585
62,810716,1821.5557180483195,559.5306380941574,16,14,1043,1042,2.6811596726765856,5.794429109342786
62,810607,585.9168743277038,481.78503407809796,28,27,1049,0,-8.27056121685439,2.260536052739837
62,958761,769.5425981155998,1951.4684523913352,49,0,1038,0,16.415636864940666,8.953983744513607
62,810917,0.0,682.0051150383628,48,0,1032,0,0.0,-13.000097500731274
62,813025,1093.0081975614817,2039.0152926146948,56,0,1018,0,0.0,0.0
62,812898,508.02967576554846,1895.640051048401,21,0,1011,1010,9.680890732311184,0.7116864990657632
62,812668,867.356272117198,1737.020944900053,8,6,1036,1035,11.890221096744881,-6.0642484221800705
62,811440,1185.9440025922847,1009.3615874650908,10,0,1059,1058,8.265996703155222,-8.24755862629911
62,957875,929.2219748927513,135.30208287925208,34,0,1005,1004,-1.4923306240855254,-1.492330624085497
62,810994,128.4635641811979,728.5896576297156,1,0,1063,0,-3.579713986397323,-5.4281148366374055
62,958064,726.2650100171196,747.1576387543173,13,11,1028,0,1.4923306240855254,2.9846612481710513
63,823115,1894.5420312991407,294.0385185615351,15,14,1052,1051,-7.027261496066557,13.46388764479349
63,823811,124.88385019480059,723.1615427930783,1,0,1063,0,20.894719346078503,15.52531595534674
63,824093,1981.574106250492,915.7312153450207,57,0,1030,0,0.0,0.0
63,959448,1277.5099965157226,2009.515724460544,55,0,1047,0,-9.000070425550803,0.0
63,823445,577.6463131108492,484.0455701308378,28,27,1049,0,-15.05509074549741,-20.873042087793127
63,824237,1194.20999929544,1001.1140288387917,10,0,1059,1058,12.189672290175624,-10.91375637113208
63,959712,284.5022262299202,17.50013693857155,53,0,1034,0,0.0,-3.0000234751836987
63,957887,927.7296442686657,133.8097522551666,34,0,1005,1004,0.0,0.0
63,825342,879.2464932139429,1730.9566964778735,8,6,1036,1035,0.5238202477861478,-7.856118518610857
63,958076,727.7573406412051,750.1423000024881,13,11,1028,0,-2.9846612481710513,13.430975616769727
63,958773,785.9582349805405,1960.4224361358483,49,0,1038,0,67.15487808384864,14.923306240855027
63,823728,0.0,669.0050175376315,48,0,1032,0,0.0,-3.0000225001687117
63,823539,1824.236877720996,565.3250672035002,16,14,1043,1042,4.540166939923665,7.8588000040576835
63,825587,517.7105664978596,1896.3517375474664,21,0,1011,1010,10.720243237787713,-2.505612130800273
64,838025,879.7703134617291,1723.1005779592624,8,6,1036,1035,-4.5547118833670766,3.7934620584069303
64,957899,927.7296442686657,133.8097522551666,34,0,1005,1004,0.0,0.0
64,835978,562.5912223653518,463.1725280430448,28,27,1049,0,-6.116279928077006,-10.099340595345213
64,958088,724.7726793930341,763.5732756192579,13,11,1028,0,-2.984661248170937,10.446314368598678
64,836299,0.0,666.0049950374628,48,0,1032,0,0.0,-11.000082500618873
64,956740,1887.514769803073,307.5024062063286,15,14,1052,1051,4.260457624840456,-5.059293429497757
64,958785,853.1131130643892,1975.345742376704,49,0,1038,0,50.830317215223424,7.649443741783442
64,836435,145.7785695408791,738.6868587484247,1,0,1063,0,-3.0148335411994083,9.963110629977676
64,838355,1554.0116550874136,2039.0152926146948,59,0,1029,0,3.0000225001688254,0.0
64,838191,2039.0152926146948,1846.0138451038376,58,0,1054,0,-31.51829587467409,2.486426398661933
64,838245,528.4308097356474,1893.8461254166666,21,0,1011,1010,6.415942204972339,24.597265604181533
64,836152,1828.7770446609195,573.1838672075579,16,14,1043,1042,-0.8586766965481729,1.524174446724146
64,959736,284.5022262299202,14.500113463387851,53,0,1034,0,-6.000046950367391,0.0
64,836850,1206.3996715856156,990.2002724676596,10,0,1059,1058,-10.444728125722806,5.808161022947504
64,959472,1268.5099260901716,2009.515724460544,55,0,1047,0,-6.0000469503672775,-3.0000234751828434
65,849679,1195.9549434598928,996.0084334906073,10,0,1059,1058,-13.739155194627754,16.5213199753332
65,851039,2007.4969967400207,1848.5002715025,58,0,1047,0,-35.07553211259233,0.5884275081634769
65,957274,1891.7752274279144,302.44311277683084,15,14,1052,1051,0.0,0.0
65,957911,927.7296442686657,133.8097522551666,34,0,1005,1004,-1.4923306240857528,-1.4923306240855254
65,958100,721.7880181448631,774.0195899878564,13,11,1028,0,-4.4769918722564634,-4.47699187225669
65,851216,1557.0116775875824,2039.0152926146948,59,0,1029,0,0.0,0.0
65,959760,278.50217927955293,14.500113463387851,53,0,1034,0,-24.00018780146962,0.0
65,959598,1262.5098791398045,2006.5157009853608,55,0,1054,0,0.0,0.0
65,851117,534.8467519406197,1918.4433910208481,21,0,1038,0,18.458541633716322,22.36707123275073
65,851181,903.9434302796126,1982.9951861184866,49,0,1011,1010,9.660655620799162,-19.550965502899768
65,849002,1827.918367964372,574.7080416542817,16,14,1043,1042,0.4211393613416021,7.206440812892993
65,850848,875.215601578362,1726.8940400176693,8,6,1036,1035,-42.97909786421133,39.10158431195305
65,849123,0.0,655.0049125368439,48,0,1032,0,0.0,-9.000067500506132
65,848831,556.4749424372748,453.0731874476995,28,27,1049,0,-3.3989187567663066,-9.040031776452167
65,958193,142.76373599967968,748.6499693784026,1,0,1063,0,-13.4309756167697,26.861951233539454
66,861450,553.0760236805085,444.0331556712474,28,27,1049,0,6.550080839682551,7.760234274060679
66,862359,1182.215788265265,1012.5297534659404,10,0,1059,1058,2.6456476286577986,-2.909626538432235
66,863894,553.305293574336,1940.8104622535986,21,0,1038,0,25.041074233101202,7.0846889541721785
66,863919,913.6040859004116,1963.4442206155868,49,0,1011,1010,0.0,0.0
66,861742,0.0,646.0048450363378,48,0,1032,0,0.0,2.000015000112626
66,959786,254.50199147808326,14.500113463387851,53,0,1034,0,9.000070425551145,-3.000023475183692
66,863781,1972.4214646274288,1849.0886990106635,58,0,1047,0,-18.40955355495521,-2.7437195807319767
66,957286,1891.7752274279144,302.44311277683084,15,14,1052,1051,2.984661248171278,-4.476991872256576
66,957923,926.2373136445799,132.31742163108106,34,0,1005,1004,-1.4923306240851844,-14.923306240855267
66,958112,717.3110262726068,769.5425981155998,13,11,1028,0,4.4769918722564634,-1.4923306240857528
66,861628,1828.339507325713,581.9144824671749,16,14,1043,1042,-3.4818599375141734,1.1135329779375525
66,958196,129.33276038290998,775.5119206119423,1,0,1063,0,-32.831273729881524,-31.338943105796147
66,863667,832.2365037141507,1765.9956243296224,8,6,1036,1035,32.61882687484592,-10.421861556141266
67,874951,1184.8614358939228,1009.620126927508,10,0,1059,1058,10.748496017376283,-5.926907559409642
67,959810,263.5020619036344,11.50008998820416,53,0,1034,0,0.0,0.0
67,874399,0.0,648.0048600364504,48,0,1032,0,0.0,-4.000030000225252
67,876307,1954.011911072473,1846.3449794299315,58,0,1047,0,-24.03211757026975,-3.525030816595745
67,958800,909.8216767796392,1946.991460519079,50,49,1012,1011,8.978102780555444,-13.222773839672302
67,876178,864.8553305889966,1755.5737627734811,8,6,1036,1035,24.9923958429506,-10.960856011498663
67,876434,578.3463678074373,1947.8951512077704,21,0,1038,0,34.44067127725339,30.68803844364743
67,957935,924.7449830204947,117.39411539022579,34,0,1005,1004,0.0,7.461653120427628
67,958124,721.7880181448631,768.0502674915141,13,11,1028,0,1.4923306240854115,0.0
67,958821,882.9597255460999,2006.6846854825,51,49,1013,1011,-16.41563686494078,-19.400298113112285
67,874302,1824.8576473881988,583.0280154451126,16,14,1043,1042,0.6566372610789131,-3.5234808221291587
67,958202,96.50148665302844,744.1729775061459,1,0,1063,0,-32.83127372988153,-25.369620609453932
67,874100,559.626104520191,451.793389945308,28,27,1049,0,2.5867597967237543,10.46830665294476
67,957298,1894.759888676085,297.96612090457427,15,14,1052,1051,1.4923306240862075,0.0
68,889289,612.7870390846906,1978.5831896514185,21,0,1013,1011,0.0,0.0
68,958214,63.67021292314693,718.8033568966922,1,0,1063,0,-19.400298113111823,-8.953983744513266
68,887769,1195.6099319112984,1003.6932193680984,10,0,1059,1058,1.5776069084183746,-3.3018761009911937
68,959834,263.5020619036344,11.50008998820416,53,0,1034,0,12.000093900734782,0.0
68,886936,562.2128643169149,462.2616965982528,28,27,1049,0,2.3487999555603665,6.983244341898513
68,957205,1825.5142846492777,579.5045346229834,16,14,1043,1042,0.0,0.0
68,887209,0.0,644.0048300362251,48,0,1032,0,0.0,-8.000060000449821
68,889252,918.7997795601947,1933.7686866794068,50,49,1012,1011,15.852508925430131,-2.560303297086648
68,889122,1929.9797935022034,1842.8199486133358,58,0,1047,0,4.783050852637871,6.119915082185344
68,957310,1896.252219300172,297.96612090457427,15,14,1052,1051,-1.4923306240862075,0.0
68,888952,889.8477264319472,1744.6129067619827,8,6,1036,1035,-1.2874278908550425,-19.646782197538187
68,957947,924.7449830204947,124.85576851065342,34,0,1005,1004,0.0,0.0
68,958136,723.2803487689488,768.0502674915141,13,11,1028,0,0.0,0.0
68,958833,866.5440886811591,1987.284387369388,51,49,1038,0,0.0,-7.461653120427173
69,957322,1894.759888676085,297.96612090457427,15,14,1052,1051,0.0,0.0
69,900485,1197.1875388197175,1000.3913432671072,10,0,1059,1058,2.393725694110799,-4.06483279941483
69,957959,924.7449830204947,124.85576851065342,34,0,1005,1004,0.0,0.0
69,899847,0.0,636.0047700357752,48,0,1032,0,0.0,-1.000007500056313
69,958148,723.2803487689488,768.0502674915141,13,11,1028,0,-1.4923306240854115,0.0
69,958848,866.5440886811591,1979.82273424896,51,49,1038,0,-1.492330624085639,0.0
69,902033,1934.7628443548413,1848.9398636955207,58,0,1047,0,7.913151394645865,14.225219400285598
69,902161,934.6522884856247,1931.2083833823199,50,49,1012,1011,0.8760135526530348,2.22642583426682
69,958226,44.269914810035104,709.8493731521788,1,0,1063,0,-44.269914810035104,1.1559593878154146
69,899629,564.5616642724751,469.2449409401513,28,27,1049,0,-4.271101764567561,-6.098929122771324
69,901866,888.5602985410923,1724.9661245644445,8,6,1036,1035,2.5627575861195737,-4.185476037274157
69,957217,1825.5142846492777,579.5045346229834,16,14,1043,1042,-4.000031300245155,8.000062600489969
69,959856,275.5021558043692,11.50008998820416,53,0,1034,0,-18.000140851102177,3.000023475183692
70,912845,0.0,635.004762535719,48,0,1032,0,0.0,-1.0000075000561992
70,958860,865.0517580570735,1979.82273424896,51,49,1038,0,-38.800596226223654,-19.400298113111827
70,959880,257.502014953267,14.500113463387851,53,0,1034,0,0.0,-3.000023475183692
70,912579,560.2905625079077,463.14601181738,28,27,1049,0,0.5601519612469019,-3.539568505814259
70,957334,1894.759888676085,297.96612090457427,15,14,1052,1051,0.0,0.0
70,957971,924.7449830204947,124.85576851065342,34,0,1005,1004,1.4923306240851844,-1.4923306240855112
70,958160,721.7880181448631,768.0502674915141,13,11,1028,0,-4.4769918722564634,-1.4923306240851844
70,957229,1821.5142533490325,587.5045972234734,16,14,1043,1042,0.0,0.0
70,913447,1199.5812645138285,996.3265104676924,10,0,1059,1058,-1.721515840592474,1.3406894259336468
70,914787,891.1230561272117,1720.7806485271703,8,6,1036,1035,11.040578688398114,-3.4132317955909457
70,912956,0.0,711.005332539994,1,0,1063,0,0.0,10.000075000562331
70,915064,935.5283020382776,1933.434809216587,50,49,1012,1011,14.04996292136957,-4.363468377271373
70,914992,1942.6759957494878,1863.165083095807,58,0,1047,0,-12.727587775208805,7.040419129376005
71,925696,0.0,634.0047550356628,48,0,1032,0,0.0,-3.0000225001687117
71,957983,926.2373136445799,123.36343788656792,34,0,1005,1004,0.0,0.0
71,958172,717.3110262726068,766.5579368674289,13,11,1028,0,1.4923306240852983,5.9693224963421025
71,927901,949.5782649596474,1929.071340839316,50,49,1012,1011,4.068911934005428,-12.305554673718914
71,958872,826.2511618308498,1960.4224361358483,51,49,1038,0,2.9846612481710513,-4.476991872256349
71,926380,1197.8597486732358,997.6671998936259,10,0,1059,1058,-0.7089267380438287,1.9193991248973816
71,925866,0.0,721.0054075405565,1,0,1063,0,0.0,0.0
71,925415,560.8507144691545,459.6064433115657,28,27,1049,0,-7.844416728081796,-5.510856880143024
71,927845,1929.9484079742786,1870.2055022251827,58,0,1047,0,-22.56934518571757,12.9175327225787
71,957346,1894.759888676085,297.96612090457427,15,14,1052,1051,0.0,0.0
71,959904,257.502014953267,11.50008998820416,53,0,1034,0,-3.0000234751837525,6.000046950367391
71,927611,902.1636348156096,1717.3674167315796,8,6,1036,1035,5.068126803306313,-10.056580807103048
71,957241,1821.5142533490325,587.5045972234734,16,14,1043,1042,3.1060959950325473,-0.02633524630766715
72,957256,1824.6203493440646,587.4782619771657,16,14,1043,1042,0.0,0.0
72,940353,953.6471768936528,1916.7657861655966,50,49,1012,1011,0.0,0.0
72,940062,907.2317616189163,1707.3108359244766,8,6,1036,1035,0.0,0.0
72,938926,1197.150821935192,999.5865990185234,10,0,1059,1058,0.0,0.0
72,957358,1894.759888676085,297.96612090457427,15,14,1052,1051,0.0,0.0
72,940331,1907.3790627885608,1883.1230349477605,58,0,1047,0,0.0,0.0
72,957995,926.2373136445799,123.36343788656792,34,0,1005,1004,0.0,0.0
72,958184,718.8033568966922,772.527259363771,13,11,1028,0,0.0,0.0
72,958884,829.2358230790209,1955.945444263592,51,49,1038,0,0.0,0.0
72,938275,0.0,631.0047325354941,48,0,1032,0,0.0,0.0
72,959928,254.50199147808326,17.50013693857155,53,0,1034,0,0.0,0.0
72,938033,553.0062977410727,454.09558643142265,28,27,1049,0,0.0,0.0
